Date,Time,1RSS(dB),2RSS(dB),RQly(%),RSNR(dB),ANT,RFMD,TPWR(mW),TRSS(dB),TQly(%),TSNR(dB),RxBt(V),Curr(A),Capa(mAh),Bat%(%),VSpd(m/s),Ptch(rad),Roll(rad),Yaw(rad),FM,GPS,GSpd(kmh),Hdg(°),Alt(m),Sats,Rud,Ele,Thr,Ail,P1,SA,SB,SC,SD,SE,LSW,CH1(us),CH2(us),CH3(us),CH4(us),CH5(us),CH6(us),CH7(us),CH8(us),CH9(us),CH10(us),CH11(us),CH12(us),CH13(us),CH14(us),CH15(us),CH16(us),CH17(us),CH18(us),CH19(us),CH20(us),CH21(us),CH22(us),CH23(us),CH24(us),CH25(us),CH26(us),CH27(us),CH28(us),CH29(us),CH30(us),CH31(us),CH32(us),TxBat(V)
26/12/2025,12:22:54.660,-22,0,100,13,0,7,100,-19,100,13,12.1,1.5,74,83,0,-0.09,0.41,-1.6,OK,37.241868 -115.800466,0.1,163.1,0,9,0,-1024,2,2,1024,1,-1,-1,-1,-1,0x0000000000000000,1500,1500,990,1500,2012,988,988,988,2012,988,1500,1500,1500,1500,1500,1500,1500,1500,1500,1500,1500,1500,1500,1500,1500,1500,1500,1500,1500,1500,1500,1500,8.2
26/12/2025,12:22:56.640,-16,0,100,13,0,7,100,-9,100,13,12.1,1.5,74,83,-1.1,-0.09,0.41,-1.6,OK,37.241868 -115.800466,0.1,163.1,0,9,-1,-1003,2,2,1024,1,-1,-1,-1,-1,0x0000000000000000,1500,1500,1001,1500,2012,988,988,988,2012,988,1500,1500,1500,1500,1500,1500,1500,1500,1500,1500,1500,1500,1500,1500,1500,1500,1500,1500,1500,1500,1500,1500,8.2
26/12/2025,12:22:58.640,-28,0,100,13,0,7,100,-22,100,14,12.1,1.5,74,83,-1.1,-0.09,0.41,-1.6,OK,37.241869 -115.800510,0.2,256.2,-2,9,-153,1024,2,2,1024,1,-1,-1,-1,-1,0x0000000000000000,1500,1500,2012,1426,2012,988,988,988,2012,988,1500,1500,1500,1500,1500,1500,1500,1500,1500,1500,1500,1500,1500,1500,1500,1500,1500,1500,1500,1500,1500,1500,8.2
26/12/2025,12:23:00.640,-46,0,100,12,0,7,100,-41,100,13,12.1,8.1,78,82,-1.1,-0.09,0.41,-1.6,OK,37.241869 -115.800510,0.2,256.2,-2,9,1,299,-1,2,1024,1,-1,-1,-1,-1,0x0000000000000000,1500,1500,1651,1500,2012,988,988,988,2012,988,1500,1500,1500,1500,1500,1500,1500,1500,1500,1500,1500,1500,1500,1500,1500,1500,1500,1500,1500,1500,1500,1500,8.2
26/12/2025,12:23:02.640,-54,0,98,12,0,7,100,-41,100,12,12.1,8.1,78,82,-1.1,-0.04,-0.03,1.28,ANGL,37.241869 -115.800510,0.2,256.2,-2,9,0,299,6,1,1024,1,-1,-1,-1,-1,0x0000000000000000,1500,1500,1651,1500,2012,988,988,988,2012,988,1500,1500,1500,1500,1500,1500,1500,1500,1500,1500,1500,1500,1500,1500,1500,1500,1500,1500,1500,1500,1500,1500,8.2
26/12/2025,12:23:04.640,-50,0,100,12,0,7,100,-44,100,13,12.1,8.1,78,82,0.3,-0.04,-0.03,1.28,ANGL,37.241869 -115.800510,0.2,256.2,-2,9,1,298,2,4,1024,1,-1,-1,-1,-1,0x0000000000000000,1501,1500,1651,1500,2012,988,988,988,2012,988,1500,1500,1500,1500,1500,1500,1500,1500,1500,1500,1500,1500,1500,1500,1500,1500,1500,1500,1500,1500,1500,1500,8.2
26/12/2025,12:23:06.640,-51,0,100,12,0,7,100,-43,100,12,12.1,3.9,87,82,0.3,-0.04,-0.03,1.28,ANGL,37.242032 -115.801467,51.2,70.6,5,9,1,298,-7,8,1024,1,-1,-1,-1,-1,0x0000000000000000,1503,1500,1651,1500,2012,988,988,988,2012,988,1500,1500,1500,1500,1500,1500,1500,1500,1500,1500,1500,1500,1500,1500,1500,1500,1500,1500,1500,1500,1500,1500,8.2
26/12/2025,12:23:08.640,-52,0,99,13,0,7,100,-47,100,12,12.1,3.9,87,82,0.3,-0.05,-0.01,1.13,ANGL,37.242032 -115.801467,51.2,70.6,5,9,1,298,-7,5,1024,1,-1,-1,-1,-1,0x0000000000000000,1501,1500,1651,1500,2012,988,988,988,2012,988,1500,1500,1500,1500,1500,1500,1500,1500,1500,1500,1500,1500,1500,1500,1500,1500,1500,1500,1500,1500,1500,1500,8.2
26/12/2025,12:23:10.640,-53,0,98,12,0,7,100,-47,100,13,12.1,3.9,87,82,1.5,-0.05,-0.01,1.13,ANGL,37.242032 -115.801467,51.2,70.6,5,9,1,298,-215,-10,507,1,-1,-1,-1,-1,0x0000000000000000,1500,1395,1651,1500,2012,988,988,988,1753,988,1500,1500,1500,1500,1500,1500,1500,1500,1500,1500,1500,1500,1500,1500,1500,1500,1500,1500,1500,1500,1500,1500,8.2
26/12/2025,12:23:12.640,-55,0,99,13,0,7,100,-50,100,13,12.1,3.9,87,82,1.5,-0.05,-0.01,1.13,ANGL,37.242374 -115.802855,51.6,63.1,15,9,1,143,-235,-385,507,1,-1,-1,-1,-1,0x0000000000000000,1315,1385,1573,1500,2012,988,988,988,1753,988,1500,1500,1500,1500,1500,1500,1500,1500,1500,1500,1500,1500,1500,1500,1500,1500,1500,1500,1500,1500,1500,1500,8.2
26/12/2025,12:23:14.640,-58,0,100,12,0,7,100,-52,100,13,12.1,3.5,94,82,1.5,-0.14,-0.16,0.8,ANGL,37.242374 -115.802855,51.6,63.1,15,9,0,143,-399,-552,507,1,-1,-1,-1,-1,0x0000000000000000,1231,1302,1573,1500,2012,988,988,988,1753,988,1500,1500,1500,1500,1500,1500,1500,1500,1500,1500,1500,1500,1500,1500,1500,1500,1500,1500,1500,1500,1500,1500,8.2
26/12/2025,12:23:16.640,-66,0,100,12,0,7,100,-61,100,12,12.1,3.5,94,82,1.2,-0.14,-0.16,0.8,ANGL,37.242374 -115.802855,51.6,63.1,15,9,1,143,-464,-611,507,1,-1,-1,-1,-1,0x0000000000000000,1201,1269,1573,1500,2012,988,988,988,1753,988,1500,1500,1500,1500,1500,1500,1500,1500,1500,1500,1500,1500,1500,1500,1500,1500,1500,1500,1500,1500,1500,1500,8.2
26/12/2025,12:23:18.640,-67,0,100,13,0,7,100,-60,100,13,12.1,3.5,94,82,1.2,-0.14,-0.16,0.8,ANGL,37.242891 -115.803671,35.6,-305.66,26,11,1,141,-326,-594,507,1,-1,-1,-1,-1,0x0000000000000000,1210,1339,1572,1500,2012,988,988,988,1753,988,1500,1500,1500,1500,1500,1500,1500,1500,1500,1500,1500,1500,1500,1500,1500,1500,1500,1500,1500,1500,1500,1500,8.2
26/12/2025,12:23:20.640,-69,0,100,12,0,7,100,-62,100,12,12.1,3.6,101,81,1.2,-0.14,-0.16,0.8,ANGL,37.242891 -115.803671,35.6,-305.66,26,11,-1,144,2,4,510,1,-1,-1,-1,-1,0x0000000000000000,1501,1500,1574,1500,2012,988,988,988,1755,988,1500,1500,1500,1500,1500,1500,1500,1500,1500,1500,1500,1500,1500,1500,1500,1500,1500,1500,1500,1500,1500,1500,8.2
26/12/2025,12:23:22.640,-62,0,99,12,0,7,100,-55,100,13,12.1,3.6,101,81,1.2,-0.19,-0.41,-2.04,ANGL,37.242891 -115.803671,35.6,-305.66,26,11,0,143,-451,8,507,1,-1,-1,-1,-1,0x0000000000000000,1503,1276,1573,1500,2012,988,988,988,1753,988,1500,1500,1500,1500,1500,1500,1500,1500,1500,1500,1500,1500,1500,1500,1500,1500,1500,1500,1500,1500,1500,1500,8.2
26/12/2025,12:23:24.640,-65,0,98,12,0,7,100,-63,100,12,12.1,3.6,101,81,1.3,-0.19,-0.41,-2.04,ANGL,37.242891 -115.803671,35.6,-305.66,26,11,0,141,2,4,702,1,-1,-1,-1,-1,0x0000000000000000,1501,1500,1572,1500,2012,988,988,988,1851,988,1500,1500,1500,1500,1500,1500,1500,1500,1500,1500,1500,1500,1500,1500,1500,1500,1500,1500,1500,1500,1500,1500,8.2
26/12/2025,12:23:26.640,-70,0,99,12,0,7,100,-65,100,12,12.1,3.5,108,81,1.3,-0.19,-0.41,-2.04,ANGL,37.242820 -115.803019,29,209.5,29,11,0,141,2,4,-254,1,-1,-1,-1,-1,0x0000000000000000,1501,1500,1572,1500,2012,988,988,988,1373,988,1500,1500,1500,1500,1500,1500,1500,1500,1500,1500,1500,1500,1500,1500,1500,1500,1500,1500,1500,1500,1500,1500,8.2
26/12/2025,12:23:28.640,-75,0,95,12,0,7,100,-68,100,12,12.1,3.5,108,81,1.3,-0.08,-0.03,-2.58,ANGL,37.242820 -115.803019,29,209.5,29,11,0,143,2,5,-254,1,-1,-1,-1,-1,0x0000000000000000,1501,1500,1573,1500,2012,988,988,988,1373,988,1500,1500,1500,1500,1500,1500,1500,1500,1500,1500,1500,1500,1500,1500,1500,1500,1500,1500,1500,1500,1500,1500,8.2
26/12/2025,12:23:30.640,-76,0,98,11,0,7,100,-73,100,13,12.1,3.5,108,81,0.3,-0.08,-0.03,-2.58,ANGL,37.242820 -115.803019,29,209.5,29,11,0,143,2,4,-254,1,-1,-1,-1,-1,0x0000000000000000,1501,1500,1573,1500,2012,988,988,988,1373,988,1500,1500,1500,1500,1500,1500,1500,1500,1500,1500,1500,1500,1500,1500,1500,1500,1500,1500,1500,1500,1500,1500,8.2
26/12/2025,12:23:32.640,-72,0,98,12,0,7,100,-72,100,12,12.1,3.5,108,81,0.3,-0.08,-0.03,-2.58,ANGL,37.242312 -115.802680,35.3,194.8,33,12,0,143,2,4,-254,1,-1,-1,-1,-1,0x0000000000000000,1501,1500,1573,1500,2012,988,988,988,1373,988,1500,1500,1500,1500,1500,1500,1500,1500,1500,1500,1500,1500,1500,1500,1500,1500,1500,1500,1500,1500,1500,1500,8.2
26/12/2025,12:23:34.640,-82,0,96,10,0,7,100,-75,100,12,12,3.6,114,81,0.3,-0.04,0.04,-2.98,ANGL,37.242312 -115.802680,35.3,194.8,33,12,0,143,2,4,-251,1,-1,-1,-1,-1,0x0000000000000000,1501,1500,1573,1500,2012,988,988,988,1375,988,1500,1500,1500,1500,1500,1500,1500,1500,1500,1500,1500,1500,1500,1500,1500,1500,1500,1500,1500,1500,1500,1500,8.2
26/12/2025,12:23:36.640,-71,0,99,12,0,7,100,-63,100,13,12,3.6,114,81,0.9,-0.04,0.04,-2.98,ANGL,37.242312 -115.802680,35.3,194.8,33,12,0,143,2,4,-254,1,-1,-1,-1,-1,0x0000000000000000,1501,1500,1573,1500,2012,988,988,988,1373,988,1500,1500,1500,1500,1500,1500,1500,1500,1500,1500,1500,1500,1500,1500,1500,1500,1500,1500,1500,1500,1500,1500,8.2
26/12/2025,12:23:38.640,-72,0,98,12,0,7,100,-66,100,13,12,3.6,114,81,0.9,-0.04,0.04,-2.98,ANGL,37.241740 -115.802511,34.4,183.5,39,13,0,143,-284,551,-254,1,-1,-1,-1,-1,0x0000000000000000,1777,1360,1573,1500,2012,988,988,988,1373,988,1500,1500,1500,1500,1500,1500,1500,1500,1500,1500,1500,1500,1500,1500,1500,1500,1500,1500,1500,1500,1500,1500,8.2
26/12/2025,12:23:40.640,-71,0,99,12,0,7,100,-67,100,13,12,3.5,121,80,0.9,-0.04,0.04,-2.98,ANGL,37.241740 -115.802511,34.4,183.5,39,13,0,143,-96,691,-254,1,-1,-1,-1,-1,0x0000000000000000,1847,1455,1573,1500,2012,988,988,988,1373,988,1500,1500,1500,1500,1500,1500,1500,1500,1500,1500,1500,1500,1500,1500,1500,1500,1500,1500,1500,1500,1500,1500,8.2
26/12/2025,12:23:42.640,-71,0,99,12,0,7,100,-66,100,13,12,3.5,121,80,0.9,-0.12,0.39,-3.04,ANGL,37.241740 -115.802511,34.4,183.5,39,13,0,143,-77,921,-251,1,-1,-1,-1,-1,0x0000000000000000,1964,1465,1573,1500,2012,988,988,988,1375,988,1500,1500,1500,1500,1500,1500,1500,1500,1500,1500,1500,1500,1500,1500,1500,1500,1500,1500,1500,1500,1500,1500,8.2
26/12/2025,12:23:44.640,-71,0,98,12,0,7,100,-60,100,13,12,3.5,121,80,-0.2,-0.12,0.39,-3.04,ANGL,37.241740 -115.802511,34.4,183.5,39,13,0,143,-3,300,-254,1,-1,-1,-1,-1,0x0000000000000000,1650,1500,1573,1500,2012,988,988,988,1373,988,1500,1500,1500,1500,1500,1500,1500,1500,1500,1500,1500,1500,1500,1500,1500,1500,1500,1500,1500,1500,1500,1500,8.2
26/12/2025,12:23:46.640,-61,0,99,13,0,7,100,-55,100,13,12,3.5,127,80,-0.2,-0.12,0.39,-3.04,ANGL,37.241264 -115.802266,33.8,266.7,44,14,0,143,2,4,-254,1,-1,-1,-1,-1,0x0000000000000000,1501,1500,1573,1500,2012,988,988,988,1373,988,1500,1500,1500,1500,1500,1500,1500,1500,1500,1500,1500,1500,1500,1500,1500,1500,1500,1500,1500,1500,1500,1500,8.2
26/12/2025,12:23:48.640,-65,0,99,13,0,7,100,-63,100,12,12,3.5,127,80,-0.2,-0.08,-0.01,-0.26,ANGL,37.241264 -115.802266,33.8,266.7,44,14,1,143,2,2,-254,1,-1,-1,-1,-1,0x0000000000000000,1500,1500,1573,1500,2012,988,988,988,1373,988,1500,1500,1500,1500,1500,1500,1500,1500,1500,1500,1500,1500,1500,1500,1500,1500,1500,1500,1500,1500,1500,1500,8.2
26/12/2025,12:23:50.640,-66,0,100,13,0,7,100,-65,100,12,12,3.5,127,80,0.3,-0.08,-0.01,-0.26,ANGL,37.241264 -115.802266,33.8,266.7,44,14,0,143,2,4,-254,1,-1,-1,-1,-1,0x0000000000000000,1501,1500,1573,1500,2012,988,988,988,1373,988,2012,2012,1500,1500,1500,1500,1500,1500,1500,1500,1500,1500,1500,1500,1500,1500,1500,1500,1500,1500,1500,1500,8.2
26/12/2025,12:23:52.640,-74,0,100,12,0,7,100,-60,100,12,12,3.5,127,80,0.3,-0.08,-0.01,-0.26,ANGL,37.241950 -115.801910,43,-309.16,43,13,0,143,2,4,-254,1,-1,-1,-1,-1,0x0000000000000000,1501,1500,1573,1500,2012,988,988,988,1373,988,2012,2012,1500,1500,1500,1500,1500,1500,1500,1500,1500,1500,1500,1500,1500,1500,1500,1500,1500,1500,1500,1500,8.2
26/12/2025,12:23:54.640,-72,0,99,12,0,7,100,-66,99,12,12,3.5,134,79,0.3,-0.03,0.15,-0.61,ANGL,37.241950 -115.801910,43,-309.16,43,13,0,143,2,4,-254,1,-1,-1,-1,-1,0x0000000000000000,1501,1500,1573,1500,2012,988,988,988,1373,988,2012,2012,1500,1500,1500,1500,1500,1500,1500,1500,1500,1500,1500,1500,1500,1500,1500,1500,1500,1500,1500,1500,8.2
26/12/2025,12:23:56.640,-74,0,98,12,0,7,100,-68,100,12,12,3.5,134,79,0.8,-0.03,0.15,-0.61,ANGL,37.241950 -115.801910,43,-309.16,43,13,0,143,2,4,-254,1,-1,-1,-1,-1,0x0000000000000000,1501,1500,1573,1500,2012,988,988,988,1373,988,2012,2012,1500,1500,1500,1500,1500,1500,1500,1500,1500,1500,1500,1500,1500,1500,1500,1500,1500,1500,1500,1500,8.2
26/12/2025,12:23:58.640,-76,0,99,11,0,7,100,-66,100,14,12,3.5,134,79,0.8,-0.03,0.15,-0.61,ANGL,37.242539 -115.801404,37.2,325.5,46,15,1,143,3,4,-254,1,-1,-1,-1,-1,0x0000000000000000,1501,1500,1573,1500,2012,988,988,988,1373,988,1443,1443,1500,1500,1500,1500,1500,1500,1500,1500,1500,1500,1500,1500,1500,1500,1500,1500,1500,1500,1500,1500,8.2
26/12/2025,12:24:00.640,-74,0,100,11,0,7,100,-67,100,13,12,3.5,140,78,0.8,-0.05,-0.12,-1.08,ANGL,37.242539 -115.801404,37.2,325.5,46,15,0,143,-3,610,-254,1,-1,-1,-1,-1,0x0000000000000000,1806,1500,1573,1500,2012,988,988,988,1373,988,1765,1765,1500,1500,1500,1500,1500,1500,1500,1500,1500,1500,1500,1500,1500,1500,1500,1500,1500,1500,1500,1500,8.2
26/12/2025,12:24:02.640,-68,0,97,12,0,7,100,-63,100,13,12,3.5,140,78,0.8,-0.05,-0.12,-1.08,ANGL,37.242539 -115.801404,37.2,325.5,46,15,2,30,-134,-169,-254,1,-1,-1,-1,-1,0x0000000000000000,1424,1436,1517,1500,2012,988,988,988,1373,988,1269,1269,1500,1500,1500,1500,1500,1500,1500,1500,1500,1500,1500,1500,1500,1500,1500,1500,1500,1500,1500,1500,8.2
26/12/2025,12:24:04.640,-83,0,95,9,0,7,100,-77,100,8,12,3.5,140,78,0,-0.05,-0.12,-1.08,ANGL,37.242539 -115.801404,37.2,325.5,46,15,1,5,-254,-627,-254,1,-1,-1,-1,-1,0x0000000000000000,1193,1375,1504,1500,2012,988,988,988,1373,988,1102,1102,1500,1500,1500,1500,1500,1500,1500,1500,1500,1500,1500,1500,1500,1500,1500,1500,1500,1500,1500,1500,8.2
26/12/2025,12:24:06.640,-73,0,97,12,0,7,100,-67,100,12,12,3.2,147,77,0,-0.05,-0.12,-1.08,ANGL,37.242953 -115.800731,37.2,-317.36,50,16,0,5,-188,-482,-254,1,-1,-1,-1,-1,0x0000000000000000,1266,1409,1504,1500,2012,988,988,988,1373,988,1155,1155,1500,1500,1500,1500,1500,1500,1500,1500,1500,1500,1500,1500,1500,1500,1500,1500,1500,1500,1500,1500,8.2
26/12/2025,12:24:08.640,-77,0,100,11,0,7,100,-71,100,12,12,3.2,147,77,0,-0.08,-0.43,-2.14,ANGL,37.242953 -115.800731,37.2,-317.36,50,16,0,5,16,4,-254,1,-1,-1,-1,-1,0x0000000000000000,1501,1501,1504,1500,2012,988,988,988,1373,988,1320,1320,1500,1500,1500,1500,1500,1500,1500,1500,1500,1500,1500,1500,1500,1500,1500,1500,1500,1500,1500,1500,8.2
26/12/2025,12:24:10.640,-75,0,98,12,0,7,100,-67,99,12,12,3.2,147,77,0.2,-0.08,-0.43,-2.14,ANGL,37.242953 -115.800731,37.2,-317.36,50,16,0,5,1,10,-254,1,-1,-1,-1,-1,0x0000000000000000,1504,1500,1504,1500,2012,988,988,988,1373,988,1650,1650,1500,1500,1500,1500,1500,1500,1500,1500,1500,1500,1500,1500,1500,1500,1500,1500,1500,1500,1500,1500,8.2
26/12/2025,12:24:12.640,-73,0,97,11,0,7,100,-64,100,12,12,3.2,147,77,0.2,-0.08,-0.43,-2.14,ANGL,37.242815 -115.800401,40.2,157.3,53,16,1,5,7,-252,-254,1,-1,-1,-1,-1,0x0000000000000000,1382,1500,1504,1500,2012,988,988,988,1373,988,1505,1505,1500,1500,1500,1500,1500,1500,1500,1500,1500,1500,1500,1500,1500,1500,1500,1500,1500,1500,1500,1500,8.2
26/12/2025,12:24:14.640,-63,0,98,12,0,7,100,-53,100,12,11.9,3.1,153,77,0.2,-0.04,-0.04,2.95,ANGL,37.242815 -115.800401,40.2,157.3,53,16,0,-26,62,-523,-254,1,-1,-1,-1,-1,0x0000000000000000,1245,1524,1489,1500,2012,988,988,988,1373,988,1483,1483,1500,1500,1500,1500,1500,1500,1500,1500,1500,1500,1500,1500,1500,1500,1500,1500,1500,1500,1500,1500,8.2
26/12/2025,12:24:16.640,-62,0,98,12,0,7,100,-54,100,12,11.9,3.1,153,77,-0.3,-0.04,-0.04,2.95,ANGL,37.242815 -115.800401,40.2,157.3,53,16,0,-91,12,269,-254,1,-1,-1,-1,-1,0x0000000000000000,1634,1500,1457,1500,2012,988,988,988,1373,988,1482,1482,1500,1500,1500,1500,1500,1500,1500,1500,1500,1500,1500,1500,1500,1500,1500,1500,1500,1500,1500,1500,8.2
26/12/2025,12:24:18.640,-50,0,100,13,0,7,100,-48,100,12,11.9,3.1,153,77,-0.3,-0.04,-0.04,2.95,ANGL,37.242275 -115.801024,43,111.4,52,16,0,-89,-27,413,-254,1,-1,-1,-1,-1,0x0000000000000000,1707,1490,1458,1500,2012,988,988,988,1373,988,1483,1483,1500,1500,1500,1500,1500,1500,1500,1500,1500,1500,1500,1500,1500,1500,1500,1500,1500,1500,1500,1500,8.2
26/12/2025,12:24:20.640,-55,0,98,13,0,7,100,-50,100,13,11.9,2.8,158,76,-0.3,-0.02,0.14,1.67,ANGL,37.242275 -115.801024,43,111.4,52,16,0,-91,0,457,-254,1,-1,-1,-1,-1,0x0000000000000000,1729,1500,1457,1500,2012,988,988,988,1373,988,1482,1482,1500,1500,1500,1500,1500,1500,1500,1500,1500,1500,1500,1500,1500,1500,1500,1500,1500,1500,1500,1500,8.2
26/12/2025,12:24:22.640,-67,0,98,13,0,7,100,-61,100,14,11.9,2.8,158,76,0,-0.02,0.14,1.67,ANGL,37.242275 -115.801024,43,111.4,52,16,0,-91,2,343,-254,1,-1,-1,-1,-1,0x0000000000000000,1672,1500,1457,1500,2012,988,988,988,1373,988,1482,1482,1500,1500,1500,1500,1500,1500,1500,1500,1500,1500,1500,1500,1500,1500,1500,1500,1500,1500,1500,1500,8.2
26/12/2025,12:24:24.640,-69,0,97,13,0,7,100,-64,100,12,11.9,2.8,158,76,0,-0.02,0.14,1.67,ANGL,37.242275 -115.801024,43,111.4,52,16,0,-91,3,-69,-254,1,-1,-1,-1,-1,0x0000000000000000,1475,1500,1457,1500,2012,988,988,988,1373,988,1693,1693,1500,1500,1500,1500,1500,1500,1500,1500,1500,1500,1500,1500,1500,1500,1500,1500,1500,1500,1500,1500,8.2
26/12/2025,12:24:26.640,-67,0,99,13,0,7,100,-61,100,13,11.9,2.8,164,76,0,-0.02,0.14,1.67,ANGL,37.242136 -115.802163,39,122.4,54,16,0,-91,2,-97,-254,1,-1,-1,-1,-1,0x0000000000000000,1461,1500,1457,1500,2012,988,988,988,1373,988,1556,1556,1500,1500,1500,1500,1500,1500,1500,1500,1500,1500,1500,1500,1500,1500,1500,1500,1500,1500,1500,1500,8.2
26/12/2025,12:24:28.640,-64,0,100,12,0,7,100,-54,100,13,11.9,2.8,164,76,0,-0.04,-0.04,2.76,ANGL,37.242136 -115.802163,39,122.4,54,16,0,-91,-5,-353,-254,1,-1,-1,-1,-1,0x0000000000000000,1331,1500,1457,1500,2012,988,988,988,1373,988,1475,1475,1500,1500,1500,1500,1500,1500,1500,1500,1500,1500,1500,1500,1500,1500,1500,1500,1500,1500,1500,1500,8.2
26/12/2025,12:24:30.640,-64,0,97,13,0,7,100,-51,100,13,11.9,2.8,164,76,-0.6,-0.04,-0.04,2.76,ANGL,37.242136 -115.802163,39,122.4,54,16,0,-91,32,4,-254,1,-1,-1,-1,-1,0x0000000000000000,1501,1509,1457,1500,2012,988,988,988,1373,988,1476,1476,1500,1500,1500,1500,1500,1500,1500,1500,1500,1500,1500,1500,1500,1500,1500,1500,1500,1500,1500,1500,8.2
26/12/2025,12:24:32.640,-64,0,99,13,0,7,100,-56,100,11,11.9,2.8,164,76,-0.6,-0.04,-0.04,2.76,ANGL,37.241694 -115.802893,39.8,121.1,52,18,0,-91,3,4,-254,1,-1,-1,-1,-1,0x0000000000000000,1501,1500,1457,1500,2012,988,988,988,1373,988,1446,1446,1500,1500,1500,1500,1500,1500,1500,1500,1500,1500,1500,1500,1500,1500,1500,1500,1500,1500,1500,1500,8.2
26/12/2025,12:24:34.640,-61,0,100,12,0,7,100,-56,100,12,11.9,2.9,169,75,-0.6,-0.04,0,1.79,ANGL,37.241694 -115.802893,39.8,121.1,52,18,0,-91,2,4,-254,1,-1,-1,-1,-1,0x0000000000000000,1501,1500,1457,1500,2012,988,988,988,1373,988,1473,1473,1500,1500,1500,1500,1500,1500,1500,1500,1500,1500,1500,1500,1500,1500,1500,1500,1500,1500,1500,1500,8.2
26/12/2025,12:24:36.640,-65,0,100,13,0,7,100,-59,100,12,11.9,2.9,169,75,-0.1,-0.04,0,1.79,ANGL,37.241694 -115.802893,39.8,121.1,52,18,0,-91,3,4,-254,1,-1,-1,-1,-1,0x0000000000000000,1501,1500,1457,1500,2012,988,988,988,1373,988,1505,1505,1500,1500,1500,1500,1500,1500,1500,1500,1500,1500,1500,1500,1500,1500,1500,1500,1500,1500,1500,1500,8.2
26/12/2025,12:24:38.640,-63,0,100,12,0,7,100,-58,100,13,11.9,2.9,169,75,-0.1,-0.04,0,1.79,ANGL,37.241547 -115.804070,41.9,84.7,52,18,0,-91,3,5,-254,1,-1,-1,-1,-1,0x0000000000000000,1501,1500,1457,1500,2012,988,988,988,1373,988,1542,1542,1500,1500,1500,1500,1500,1500,1500,1500,1500,1500,1500,1500,1500,1500,1500,1500,1500,1500,1500,1500,8.2
26/12/2025,12:24:40.640,-63,0,97,13,0,7,100,-54,100,12,11.9,2.8,175,75,-0.1,-0.05,0,1.15,ANGL,37.241547 -115.804070,41.9,84.7,52,18,-1,-89,5,0,-254,1,-1,-1,-1,-1,0x0000000000000000,1500,1500,1458,1500,2012,988,988,988,1373,988,1714,1714,1500,1500,1500,1500,1500,1500,1500,1500,1500,1500,1500,1500,1500,1500,1500,1500,1500,1500,1500,1500,8.2
26/12/2025,12:24:42.640,-64,0,100,12,0,7,100,-59,100,14,11.9,2.8,175,75,0.4,-0.05,0,1.15,ANGL,37.241547 -115.804070,41.9,84.7,52,18,0,-91,0,149,-254,1,-1,-1,-1,-1,0x0000000000000000,1574,1500,1457,1500,2012,988,988,988,1373,988,1546,1546,1500,1500,1500,1500,1500,1500,1500,1500,1500,1500,1500,1500,1500,1500,1500,1500,1500,1500,1500,1500,8.2
26/12/2025,12:24:44.640,-65,0,100,12,0,7,100,-59,100,13,11.9,2.8,175,75,0.4,-0.05,0,1.15,ANGL,37.241547 -115.804070,41.9,84.7,52,18,1,-92,-3,246,-254,1,-1,-1,-1,-1,0x0000000000000000,1623,1500,1456,1500,2012,988,988,988,1373,988,1532,1532,1500,1500,1500,1500,1500,1500,1500,1500,1500,1500,1500,1500,1500,1500,1500,1500,1500,1500,1500,1500,8.2
26/12/2025,12:24:46.640,-62,0,99,12,0,7,100,-58,100,13,11.9,2.9,180,74,0.4,-0.05,0,1.15,ANGL,37.241710 -115.805204,38,77.6,54,18,0,-91,-5,497,-254,1,-1,-1,-1,-1,0x0000000000000000,1749,1500,1457,1500,2012,988,988,988,1373,988,1531,1531,1500,1500,1500,1500,1500,1500,1500,1500,1500,1500,1500,1500,1500,1500,1500,1500,1500,1500,1500,1500,8.2
26/12/2025,12:24:48.640,-71,0,97,12,0,7,100,-70,100,13,11.9,2.9,180,74,0.4,-0.07,0.24,1.74,ANGL,37.241710 -115.805204,38,77.6,54,18,0,-89,-60,4,-254,1,-1,-1,-1,-1,0x0000000000000000,1501,1473,1458,1500,2012,988,988,988,1373,988,1531,1531,1500,1500,1500,1500,1500,1500,1500,1500,1500,1500,1500,1500,1500,1500,1500,1500,1500,1500,1500,1500,8.2
26/12/2025,12:24:50.640,-73,0,98,12,0,7,100,-66,100,12,11.9,2.9,180,74,-0.1,-0.07,0.24,1.74,ANGL,37.241710 -115.805204,38,77.6,54,18,0,-91,2,4,-254,1,-1,-1,-1,-1,0x0000000000000000,1501,1500,1457,1500,2012,988,988,988,1373,988,1472,1472,1500,1500,1500,1500,1500,1500,1500,1500,1500,1500,1500,1500,1500,1500,1500,1500,1500,1500,1500,1500,8.2
26/12/2025,12:24:52.640,-74,0,94,12,0,7,100,-70,100,12,11.9,2.9,180,74,-0.1,-0.07,0.24,1.74,ANGL,37.241584 -115.806265,36.3,134.4,53,18,0,-91,2,4,-254,1,-1,-1,-1,-1,0x0000000000000000,1501,1500,1457,1500,2012,988,988,988,1373,988,1486,1486,1500,1500,1500,1500,1500,1500,1500,1500,1500,1500,1500,1500,1500,1500,1500,1500,1500,1500,1500,1500,8.2
26/12/2025,12:24:54.640,-73,0,99,12,0,7,100,-67,100,12,11.9,2.8,185,74,-0.1,-0.06,-0.02,2.45,ANGL,37.241584 -115.806265,36.3,134.4,53,18,0,-91,2,2,-254,1,-1,-1,-1,-1,0x0000000000000000,1500,1500,1457,1500,2012,988,988,988,1373,988,1488,1488,1500,1500,1500,1500,1500,1500,1500,1500,1500,1500,1500,1500,1500,1500,1500,1500,1500,1500,1500,1500,8.2
26/12/2025,12:24:56.640,-72,0,99,12,0,7,100,-64,100,12,11.9,2.8,185,74,0,-0.06,-0.02,2.45,ANGL,37.241584 -115.806265,36.3,134.4,53,18,0,-91,1,4,-254,1,-1,-1,-1,-1,0x0000000000000000,1501,1500,1457,1500,2012,988,988,988,1373,988,1488,1488,1500,1500,1500,1500,1500,1500,1500,1500,1500,1500,1500,1500,1500,1500,1500,1500,1500,1500,1500,1500,8.2
26/12/2025,12:24:58.640,-71,0,97,12,0,7,100,-66,100,12,11.9,2.8,185,74,0,-0.06,-0.02,2.45,ANGL,37.241208 -115.807041,36.4,115.6,53,18,0,-91,0,187,-254,1,-1,-1,-1,-1,0x0000000000000000,1593,1500,1457,1500,2012,988,988,988,1373,988,1486,1486,1500,1500,1500,1500,1500,1500,1500,1500,1500,1500,1500,1500,1500,1500,1500,1500,1500,1500,1500,1500,8.2
26/12/2025,12:25:00.640,-68,0,98,12,0,7,100,-59,100,12,11.9,2.9,191,74,0,-0.02,0.07,2.24,ANGL,37.241208 -115.807041,36.4,115.6,53,18,1,-91,-5,55,-254,1,-1,-1,-1,-1,0x0000000000000000,1526,1500,1457,1500,2012,988,988,988,1373,988,1497,1497,1500,1500,1500,1500,1500,1500,1500,1500,1500,1500,1500,1500,1500,1500,1500,1500,1500,1500,1500,1500,8.2
26/12/2025,12:25:02.640,-66,0,98,13,0,7,100,-60,100,13,11.9,2.9,191,74,-0.1,-0.02,0.07,2.24,ANGL,37.241208 -115.807041,36.4,115.6,53,18,0,-48,-125,48,-254,1,-1,-1,-1,-1,0x0000000000000000,1523,1440,1478,1500,2012,988,988,988,1373,988,1458,1458,1500,1500,1500,1500,1500,1500,1500,1500,1500,1500,1500,1500,1500,1500,1500,1500,1500,1500,1500,1500,8.2
26/12/2025,12:25:04.640,-65,0,99,12,0,7,100,-59,100,13,11.9,2.9,191,74,-0.1,-0.02,0.07,2.24,ANGL,37.240949 -115.807985,37.5,115.9,54,18,0,46,-120,47,-254,1,-1,-1,-1,-1,0x0000000000000000,1522,1443,1525,1500,2012,988,988,988,1373,988,1458,1458,1500,1500,1500,1500,1500,1500,1500,1500,1500,1500,1500,1500,1500,1500,1500,1500,1500,1500,1500,1500,8.2
26/12/2025,12:25:06.640,-66,0,97,13,0,7,100,-61,100,13,11.8,3.3,196,73,-0.1,-0.02,0.07,2.24,ANGL,37.240949 -115.807985,37.5,115.9,54,18,0,132,-151,122,-254,1,-1,-1,-1,-1,0x0000000000000000,1560,1427,1568,1500,2012,988,988,988,1373,988,1459,1459,1500,1500,1500,1500,1500,1500,1500,1500,1500,1500,1500,1500,1500,1500,1500,1500,1500,1500,1500,1500,8.2
26/12/2025,12:25:08.640,-67,0,100,13,0,7,100,-59,100,13,11.8,3.3,196,73,-0.1,-0.19,0,1.74,ANGL,37.240949 -115.807985,37.5,115.9,54,18,0,188,-140,291,-254,1,-1,-1,-1,-1,0x0000000000000000,1645,1433,1596,1500,2012,988,988,988,1373,988,1458,1458,1500,1500,1500,1500,1500,1500,1500,1500,1500,1500,1500,1500,1500,1500,1500,1500,1500,1500,1500,1500,8.2
26/12/2025,12:25:10.640,-68,0,98,12,0,7,100,-62,100,14,11.8,3.3,196,73,1,-0.19,0,1.74,ANGL,37.240949 -115.807985,37.5,115.9,54,18,0,187,2,4,-254,1,-1,-1,-1,-1,0x0000000000000000,1501,1500,1595,1500,2012,988,988,988,1373,988,1458,1458,1500,1500,1500,1500,1500,1500,1500,1500,1500,1500,1500,1500,1500,1500,1500,1500,1500,1500,1500,1500,8.2
26/12/2025,12:25:12.640,-67,0,98,12,0,7,100,-62,100,12,11.8,3.3,196,73,1,-0.19,0,1.74,ANGL,37.240809 -115.809040,37.2,105.8,58,19,1,188,-133,2,-254,1,-1,-1,-1,-1,0x0000000000000000,1500,1436,1596,1500,2012,988,988,988,1373,988,1459,1459,1500,1500,1500,1500,1500,1500,1500,1500,1500,1500,1500,1500,1500,1500,1500,1500,1500,1500,1500,1500,8.2
26/12/2025,12:25:14.640,-66,0,98,13,0,7,100,-61,100,12,11.8,3.9,203,72,1,-0.27,-0.01,1.87,ANGL,37.240809 -115.809040,37.2,105.8,58,19,0,188,2,4,-254,1,-1,-1,-1,-1,0x0000000000000000,1501,1500,1596,1500,2012,988,988,988,1373,988,1458,1458,1500,1500,1500,1500,1500,1500,1500,1500,1500,1500,1500,1500,1500,1500,1500,1500,1500,1500,1500,1500,8.2
26/12/2025,12:25:16.640,-69,0,98,12,0,7,100,-61,100,12,11.8,3.9,203,72,1.2,-0.27,-0.01,1.87,ANGL,37.240809 -115.809040,37.2,105.8,58,19,0,188,-69,453,-254,1,-1,-1,-1,-1,0x0000000000000000,1727,1469,1596,1500,2012,988,988,988,1373,988,1455,1455,1500,1500,1500,1500,1500,1500,1500,1500,1500,1500,1500,1500,1500,1500,1500,1500,1500,1500,1500,1500,8.2
26/12/2025,12:25:18.640,-67,0,99,12,0,7,100,-62,100,13,11.8,3.9,203,72,1.2,-0.27,-0.01,1.87,ANGL,37.240654 -115.810124,42.9,94.3,67,18,1,189,-6,-2,-254,1,-1,-1,-1,-1,0x0000000000000000,1500,1500,1596,1500,2012,988,988,988,1373,988,1562,1562,1500,1500,1500,1500,1500,1500,1500,1500,1500,1500,1500,1500,1500,1500,1500,1500,1500,1500,1500,1500,8.2
26/12/2025,12:25:20.640,-69,0,98,12,0,7,100,-62,100,12,11.8,3.8,210,72,1.2,-0.2,-0.08,1.72,ANGL,37.240654 -115.810124,42.9,94.3,67,18,0,188,-351,5,-254,1,-1,-1,-1,-1,0x0000000000000000,1501,1326,1596,1500,2012,988,988,988,1373,988,1552,1552,1500,1500,1500,1500,1500,1500,1500,1500,1500,1500,1500,1500,1500,1500,1500,1500,1500,1500,1500,1500,8.2
26/12/2025,12:25:22.640,-69,0,99,12,0,7,100,-62,100,12,11.8,3.8,210,72,1.2,-0.2,-0.08,1.72,ANGL,37.240654 -115.810124,42.9,94.3,67,18,0,204,5,4,-254,1,-1,-1,-1,-1,0x0000000000000000,1501,1500,1604,1500,2012,988,988,988,1373,988,1549,1549,1500,1500,1500,1500,1500,1500,1500,1500,1500,1500,1500,1500,1500,1500,1500,1500,1500,1500,1500,1500,8.2
26/12/2025,12:25:24.640,-69,0,100,12,0,7,100,-64,100,13,11.8,3.8,210,72,1.2,-0.2,-0.08,1.72,ANGL,37.240607 -115.811360,44.2,91.1,78,19,0,203,3,4,-254,1,-1,-1,-1,-1,0x0000000000000000,1501,1500,1603,1500,2012,988,988,988,1373,988,1342,1342,1500,1500,1500,1500,1500,1500,1500,1500,1500,1500,1500,1500,1500,1500,1500,1500,1500,1500,1500,1500,8.2
26/12/2025,12:25:26.640,-69,0,98,13,0,7,100,-62,100,12,11.8,3.9,218,71,1.2,-0.2,-0.08,1.72,ANGL,37.240607 -115.811360,44.2,91.1,78,19,0,204,-1,129,-254,1,-1,-1,-1,-1,0x0000000000000000,1564,1500,1604,1500,2012,988,988,988,1373,988,1628,1628,1500,1500,1500,1500,1500,1500,1500,1500,1500,1500,1500,1500,1500,1500,1500,1500,1500,1500,1500,1500,8.2
26/12/2025,12:25:28.640,-70,0,99,12,0,7,100,-64,100,12,11.8,3.9,218,71,1.2,-0.13,0.07,1.43,ANGL,37.240607 -115.811360,44.2,91.1,78,19,1,204,182,-2,-254,1,-1,-1,-1,-1,0x0000000000000000,1500,1584,1604,1500,2012,988,988,988,1373,988,1525,1525,1500,1500,1500,1500,1500,1500,1500,1500,1500,1500,1500,1500,1500,1500,1500,1500,1500,1500,1500,1500,8.2
26/12/2025,12:25:30.640,-71,0,100,12,0,7,100,-66,100,13,11.8,3.9,218,71,1.1,-0.13,0.07,1.43,ANGL,37.240607 -115.811360,44.2,91.1,78,19,1,203,104,-111,-254,1,-1,-1,-1,-1,0x0000000000000000,1454,1545,1603,1500,2012,988,988,988,1373,988,1538,1538,1500,1500,1500,1500,1500,1500,1500,1500,1500,1500,1500,1500,1500,1500,1500,1500,1500,1500,1500,1500,8.2
26/12/2025,12:25:32.640,-72,0,98,12,0,7,100,-65,100,13,11.8,3.9,218,71,1.1,-0.13,0.07,1.43,ANGL,37.240587 -115.812793,52.3,93.4,85,19,0,203,12,-363,-254,1,-1,-1,-1,-1,0x0000000000000000,1326,1500,1603,1500,2012,988,988,988,1373,988,1470,1470,1500,1500,1500,1500,1500,1500,1500,1500,1500,1500,1500,1500,1500,1500,1500,1500,1500,1500,1500,1500,8.2
26/12/2025,12:25:34.640,-76,0,98,11,0,7,100,-71,100,12,11.8,3.8,225,70,1.1,-0.09,-0.13,1.52,ANGL,37.240587 -115.812793,52.3,93.4,85,19,0,203,392,-302,-254,1,-1,-1,-1,-1,0x0000000000000000,1357,1690,1603,1500,2012,988,988,988,1373,988,1471,1471,1500,1500,1500,1500,1500,1500,1500,1500,1500,1500,1500,1500,1500,1500,1500,1500,1500,1500,1500,1500,8.2
26/12/2025,12:25:36.640,-82,0,100,10,0,7,100,-83,100,11,11.8,3.8,225,70,0.3,-0.09,-0.13,1.52,ANGL,37.240587 -115.812793,52.3,93.4,85,19,1,203,465,-570,-254,1,-1,-1,-1,-1,0x0000000000000000,1222,1727,1603,1500,2012,988,988,988,1373,988,1472,1472,1500,1500,1500,1500,1500,1500,1500,1500,1500,1500,1500,1500,1500,1500,1500,1500,1500,1500,1500,1500,8.2
26/12/2025,12:25:38.640,-87,0,98,7,0,7,100,-84,100,11,11.8,3.8,225,70,0.3,-0.09,-0.13,1.52,ANGL,37.240724 -115.814347,59.4,54.2,90,19,0,204,520,-59,-254,1,-1,-1,-1,-1,0x0000000000000000,1480,1755,1604,1500,2012,988,988,988,1373,988,1479,1479,1500,1500,1500,1500,1500,1500,1500,1500,1500,1500,1500,1500,1500,1500,1500,1500,1500,1500,1500,1500,8.2
26/12/2025,12:25:40.640,-87,0,98,6,0,7,100,-80,100,11,11.7,3.7,232,70,0.3,0.16,-0.02,0.28,ANGL,37.240724 -115.814347,59.4,54.2,90,19,1,204,280,-642,-254,1,-1,-1,-1,-1,0x0000000000000000,1185,1634,1604,1500,2012,988,988,988,1373,988,1480,1480,1500,1500,1500,1500,1500,1500,1500,1500,1500,1500,1500,1500,1500,1500,1500,1500,1500,1500,1500,1500,8.2
26/12/2025,12:25:42.640,-82,0,97,8,0,7,100,-74,100,12,11.7,3.7,232,70,1.1,0.16,-0.02,0.28,ANGL,37.240724 -115.814347,59.4,54.2,90,19,0,203,181,-762,-254,1,-1,-1,-1,-1,0x0000000000000000,1125,1584,1603,1500,2012,988,988,988,1373,988,1480,1480,1500,1500,1500,1500,1500,1500,1500,1500,1500,1500,1500,1500,1500,1500,1500,1500,1500,1500,1500,1500,8.2
26/12/2025,12:25:44.640,-80,0,99,11,0,7,100,-75,100,13,11.7,3.7,232,70,1.1,0.16,-0.02,0.28,ANGL,37.241490 -115.815061,39,-313.26,91,18,0,203,3,2,-254,1,-1,0,-1,-1,0x0000000000000000,1500,1500,1603,1500,2012,988,988,988,1373,988,1498,1498,1500,1500,1500,1500,1500,1500,1500,1500,1500,1500,1500,1500,1500,1500,1500,1500,1500,1500,1500,1500,8.2
26/12/2025,12:25:46.640,-74,0,99,12,0,7,100,-67,100,12,11.7,3.7,239,69,1.1,0.16,-0.02,0.28,ANGL,37.241490 -115.815061,39,-313.26,91,18,0,203,59,68,-254,1,-1,0,-1,-1,0x0000000000000000,1533,1522,1603,1500,2012,1500,988,988,1373,988,1512,1512,1500,1500,1500,1500,1500,1500,1500,1500,1500,1500,1500,1500,1500,1500,1500,1500,1500,1500,1500,1500,8.2
26/12/2025,12:25:48.640,-74,0,98,12,0,7,100,-67,100,13,11.7,3.7,239,69,1.1,-0.14,0.01,-1.27,HOR,37.241490 -115.815061,39,-313.26,91,18,-1,204,455,8,-251,1,-1,0,-1,-1,0x0000000000000000,1503,1722,1604,1500,2012,1500,988,988,1375,988,1510,1510,1500,1500,1500,1500,1500,1500,1500,1500,1500,1500,1500,1500,1500,1500,1500,1500,1500,1500,1500,1500,8.2
26/12/2025,12:25:50.640,-73,0,99,12,0,7,100,-65,100,12,11.7,3.7,239,69,0.6,-0.14,0.01,-1.27,HOR,37.241490 -115.815061,39,-313.26,91,18,0,203,261,78,-254,1,-1,0,-1,-1,0x0000000000000000,1538,1624,1603,1500,2012,1500,988,988,1373,988,1671,1671,1500,1500,1500,1500,1500,1500,1500,1500,1500,1500,1500,1500,1500,1500,1500,1500,1500,1500,1500,1500,8.2
26/12/2025,12:25:52.640,-73,0,96,12,0,7,100,-68,100,12,11.7,3.7,239,69,0.6,-0.14,0.01,-1.27,HOR,37.241724 -115.814429,26.5,286.4,97,19,1,204,642,8,-254,1,-1,0,-1,-1,0x0000000000000000,1503,1817,1604,1500,2012,1500,988,988,1373,988,1689,1689,1500,1500,1500,1500,1500,1500,1500,1500,1500,1500,1500,1500,1500,1500,1500,1500,1500,1500,1500,1500,8.2
26/12/2025,12:25:54.640,-75,0,98,11,0,7,100,-69,100,13,11.7,3.8,246,68,0.6,0.22,0.03,-1.1,HOR,37.241724 -115.814429,26.5,286.4,97,19,0,204,5,5,-254,1,-1,0,-1,-1,0x0000000000000000,1501,1500,1604,1500,2012,1500,988,988,1373,988,1329,1329,1500,1500,1500,1500,1500,1500,1500,1500,1500,1500,1500,1500,1500,1500,1500,1500,1500,1500,1500,1500,8.2
26/12/2025,12:25:56.640,-73,0,96,12,0,7,100,-68,100,12,11.7,3.8,246,68,3.7,0.22,0.03,-1.1,HOR,37.241724 -115.814429,26.5,286.4,97,19,0,204,850,5,-254,1,-1,0,-1,-1,0x0000000000000000,1501,1922,1604,1500,2012,1500,988,988,1373,988,1595,1595,1500,1500,1500,1500,1500,1500,1500,1500,1500,1500,1500,1500,1500,1500,1500,1500,1500,1500,1500,1500,8.2
26/12/2025,12:25:58.640,-80,0,99,9,0,7,100,-75,100,12,11.7,3.8,246,68,3.7,0.22,0.03,-1.1,HOR,37.242023 -115.813656,30.6,308.3,96,19,0,77,6,5,-254,1,-1,0,-1,-1,0x0000000000000000,1501,1500,1540,1500,2012,1500,988,988,1373,988,1572,1572,1500,1500,1500,1500,1500,1500,1500,1500,1500,1500,1500,1500,1500,1500,1500,1500,1500,1500,1500,1500,8.2
26/12/2025,12:26:00.640,-77,0,97,11,0,7,100,-70,100,12,11.7,3.1,253,68,3.7,-0.23,0.08,-0.98,HOR,37.242023 -115.813656,30.6,308.3,96,19,0,77,671,1,-254,1,-1,0,-1,-1,0x0000000000000000,1500,1831,1540,1500,2012,1500,988,988,1373,988,1546,1546,1500,1500,1500,1500,1500,1500,1500,1500,1500,1500,1500,1500,1500,1500,1500,1500,1500,1500,1500,1500,8.2
26/12/2025,12:26:02.640,-76,0,97,12,0,7,100,-69,100,13,11.7,3.1,253,68,-3,-0.23,0.08,-0.98,HOR,37.242023 -115.813656,30.6,308.3,96,19,0,76,596,9,-254,1,-1,0,-1,-1,0x0000000000000000,1503,1793,1540,1500,2012,1500,988,988,1373,988,1467,1467,1500,1500,1500,1500,1500,1500,1500,1500,1500,1500,1500,1500,1500,1500,1500,1500,1500,1500,1500,1500,8.2
26/12/2025,12:26:04.640,-78,0,98,11,0,7,100,-72,100,12,11.7,3.1,253,68,-3,-0.23,0.08,-0.98,HOR,37.242447 -115.812860,41.8,310.9,81,19,0,76,548,-104,-254,1,-1,0,-1,-1,0x0000000000000000,1457,1769,1540,1500,2012,1500,988,988,1373,988,1470,1470,1500,1500,1500,1500,1500,1500,1500,1500,1500,1500,1500,1500,1500,1500,1500,1500,1500,1500,1500,1500,8.2
26/12/2025,12:26:06.640,-77,0,95,10,0,7,100,-71,100,12,11.7,3.1,259,67,-3,-0.23,0.08,-0.98,HOR,37.242447 -115.812860,41.8,310.9,81,19,0,77,3,4,-254,1,-1,0,-1,-1,0x0000000000000000,1501,1500,1540,1500,2012,1500,988,988,1373,988,1466,1466,1500,1500,1500,1500,1500,1500,1500,1500,1500,1500,1500,1500,1500,1500,1500,1500,1500,1500,1500,1500,8.2
26/12/2025,12:26:08.640,-73,0,98,12,0,7,100,-67,100,11,11.7,3.1,259,67,-3,-0.18,0.01,-1.59,HOR,37.242447 -115.812860,41.8,310.9,81,19,0,76,630,184,-254,1,-1,0,-1,-1,0x0000000000000000,1591,1811,1540,1500,2012,1500,988,988,1373,988,1467,1467,1500,1500,1500,1500,1500,1500,1500,1500,1500,1500,1500,1500,1500,1500,1500,1500,1500,1500,1500,1500,8.2
26/12/2025,12:26:10.640,-78,0,99,11,0,7,100,-72,100,14,11.7,3.1,259,67,-1.1,-0.18,0.01,-1.59,HOR,37.242447 -115.812860,41.8,310.9,81,19,0,76,556,119,-254,1,-1,0,-1,-1,0x0000000000000000,1559,1773,1540,1500,2012,1500,988,988,1373,988,1379,1379,1500,1500,1500,1500,1500,1500,1500,1500,1500,1500,1500,1500,1500,1500,1500,1500,1500,1500,1500,1500,8.2
26/12/2025,12:26:12.640,-78,0,100,11,0,7,100,-73,100,14,11.7,3.1,259,67,-1.1,-0.18,0.01,-1.59,HOR,37.242609 -115.811879,33.1,265.3,74,18,0,77,542,8,-254,1,-1,0,-1,-1,0x0000000000000000,1503,1766,1540,1500,2012,1500,988,988,1373,988,1584,1584,1500,1500,1500,1500,1500,1500,1500,1500,1500,1500,1500,1500,1500,1500,1500,1500,1500,1500,1500,1500,8.2
26/12/2025,12:26:14.640,-75,0,99,11,0,7,100,-70,100,12,11.7,3.1,265,67,-1.1,0.11,0.03,-1.6,HOR,37.242609 -115.811879,33.1,265.3,74,18,0,76,491,4,-254,1,-1,0,-1,-1,0x0000000000000000,1501,1740,1540,1500,2012,1500,988,988,1373,988,1894,1894,1500,1500,1500,1500,1500,1500,1500,1500,1500,1500,1500,1500,1500,1500,1500,1500,1500,1500,1500,1500,8.2
26/12/2025,12:26:16.640,-75,0,97,11,0,7,100,-69,100,12,11.7,3.1,265,67,-0.3,0.11,0.03,-1.6,HOR,37.242609 -115.811879,33.1,265.3,74,18,1,76,379,-221,-254,1,-1,0,-1,-1,0x0000000000000000,1398,1684,1540,1500,2012,1500,988,988,1373,988,1497,1497,1500,1500,1500,1500,1500,1500,1500,1500,1500,1500,1500,1500,1500,1500,1500,1500,1500,1500,1500,1500,8.2
26/12/2025,12:26:18.640,-74,0,98,11,0,7,100,-71,100,13,11.7,3.1,265,67,-0.3,0.11,0.03,-1.6,HOR,37.242772 -115.810721,37.3,295.6,64,19,0,77,384,92,-254,1,-1,0,-1,-1,0x0000000000000000,1545,1686,1540,1500,2012,1500,988,988,1373,988,1421,1421,1500,1500,1500,1500,1500,1500,1500,1500,1500,1500,1500,1500,1500,1500,1500,1500,1500,1500,1500,1500,8.2
26/12/2025,12:26:20.640,-81,0,98,9,0,7,100,-74,100,12,11.7,3.4,271,67,-0.3,0.06,0.05,-2.41,HOR,37.242772 -115.810721,37.3,295.6,64,19,1,76,327,169,-254,1,-1,0,-1,-1,0x0000000000000000,1584,1658,1540,1500,2012,1500,988,988,1373,988,1828,1828,1500,1500,1500,1500,1500,1500,1500,1500,1500,1500,1500,1500,1500,1500,1500,1500,1500,1500,1500,1500,8.2
26/12/2025,12:26:22.640,-78,0,99,10,0,7,100,-70,100,12,11.7,3.4,271,67,0.8,0.06,0.05,-2.41,HOR,37.242772 -115.810721,37.3,295.6,64,19,0,77,137,328,-254,1,-1,0,-1,-1,0x0000000000000000,1664,1562,1540,1500,2012,1500,988,988,1373,988,1964,1964,1500,1500,1500,1500,1500,1500,1500,1500,1500,1500,1500,1500,1500,1500,1500,1500,1500,1500,1500,1500,8.2
26/12/2025,12:26:24.640,-70,0,100,12,0,7,100,-65,100,12,11.7,3.4,271,67,0.8,0.06,0.05,-2.41,HOR,37.242551 -115.809913,32.6,231.7,63,19,0,76,81,353,-254,1,-1,0,-1,-1,0x0000000000000000,1677,1533,1540,1500,2012,1500,988,988,1373,988,1953,1953,1500,1500,1500,1500,1500,1500,1500,1500,1500,1500,1500,1500,1500,1500,1500,1500,1500,1500,1500,1500,8.2
26/12/2025,12:26:26.640,-72,0,99,12,0,7,100,-67,100,13,11.6,3.4,277,66,0.8,0.06,0.05,-2.41,HOR,37.242551 -115.809913,32.6,231.7,63,19,0,77,491,-56,-254,1,-1,0,-1,-1,0x0000000000000000,1481,1740,1540,1500,2012,1500,988,988,1373,988,1770,1770,1500,1500,1500,1500,1500,1500,1500,1500,1500,1500,1500,1500,1500,1500,1500,1500,1500,1500,1500,1500,8.2
26/12/2025,12:26:28.640,-70,0,98,12,0,7,100,-66,100,13,11.6,3.4,277,66,0.8,0.07,0.05,-1.21,HOR,37.242551 -115.809913,32.6,231.7,63,19,0,76,327,-295,-254,1,-1,0,-1,-1,0x0000000000000000,1361,1658,1540,1500,2012,1500,988,988,1373,988,1568,1568,1500,1500,1500,1500,1500,1500,1500,1500,1500,1500,1500,1500,1500,1500,1500,1500,1500,1500,1500,1500,8.2
26/12/2025,12:26:30.640,-71,0,98,12,0,7,100,-64,100,12,11.6,3.4,277,66,-0.4,0.07,0.05,-1.21,HOR,37.242551 -115.809913,32.6,231.7,63,19,1,77,221,-3,-254,1,-1,0,-1,-1,0x0000000000000000,1500,1604,1540,1500,2012,1500,988,988,1373,988,1584,1584,1500,1500,1500,1500,1500,1500,1500,1500,1500,1500,1500,1500,1500,1500,1500,1500,1500,1500,1500,1500,8.2
26/12/2025,12:26:32.640,-70,0,98,12,0,7,100,-64,100,13,11.6,3.4,277,66,-0.4,0.07,0.05,-1.21,HOR,37.242772 -115.809074,40.1,300.3,63,17,0,77,51,180,-254,1,-1,0,-1,-1,0x0000000000000000,1589,1518,1540,1500,2012,1500,988,988,1373,988,1720,1720,1500,1500,1500,1500,1500,1500,1500,1500,1500,1500,1500,1500,1500,1500,1500,1500,1500,1500,1500,1500,8.2
26/12/2025,12:26:34.640,-73,0,98,12,0,7,100,-67,100,12,11.6,3.3,283,65,-0.4,-0.14,0.14,-1.95,HOR,37.242772 -115.809074,40.1,300.3,63,17,0,77,501,2,-254,1,-1,0,-1,-1,0x0000000000000000,1500,1745,1540,1500,2012,1500,988,988,1373,988,1604,1604,1500,1500,1500,1500,1500,1500,1500,1500,1500,1500,1500,1500,1500,1500,1500,1500,1500,1500,1500,1500,8.2
26/12/2025,12:26:36.640,-71,0,98,12,0,7,100,-64,100,12,11.6,3.3,283,65,-1.6,-0.14,0.14,-1.95,HOR,37.242772 -115.809074,40.1,300.3,63,17,0,77,218,205,-254,1,-1,0,-1,-1,0x0000000000000000,1602,1603,1540,1500,2012,1500,988,988,1373,988,1444,1444,1500,1500,1500,1500,1500,1500,1500,1500,1500,1500,1500,1500,1500,1500,1500,1500,1500,1500,1500,1500,8.2
26/12/2025,12:26:38.640,-76,0,100,11,0,7,100,-70,100,12,11.6,3.3,283,65,-1.6,-0.14,0.14,-1.95,HOR,37.242742 -115.808221,32.8,266,62,19,0,77,152,148,-254,1,-1,0,-1,-1,0x0000000000000000,1573,1569,1540,1500,2012,1500,988,988,1373,988,1250,1250,1500,1500,1500,1500,1500,1500,1500,1500,1500,1500,1500,1500,1500,1500,1500,1500,1500,1500,1500,1500,8.2
26/12/2025,12:26:40.640,-73,0,99,12,0,7,100,-65,100,12,11.6,3.3,290,65,-1.6,0,0.02,-2,HOR,37.242742 -115.808221,32.8,266,62,19,0,77,50,131,-254,1,-1,0,-1,-1,0x0000000000000000,1565,1518,1540,1500,2012,1500,988,988,1373,988,1519,1519,1500,1500,1500,1500,1500,1500,1500,1500,1500,1500,1500,1500,1500,1500,1500,1500,1500,1500,1500,1500,8.2
26/12/2025,12:26:42.640,-70,0,100,12,0,7,100,-64,100,13,11.6,3.3,290,65,1.1,0,0.02,-2,HOR,37.242742 -115.808221,32.8,266,62,19,0,77,32,8,-254,1,-1,0,-1,-1,0x0000000000000000,1503,1509,1540,1500,2012,1500,988,988,1373,988,1579,1579,1500,1500,1500,1500,1500,1500,1500,1500,1500,1500,1500,1500,1500,1500,1500,1500,1500,1500,1500,1500,8.2
26/12/2025,12:26:44.640,-71,0,98,12,0,7,100,-65,100,12,11.6,3.3,290,65,1.1,0,0.02,-2,HOR,37.242721 -115.807420,24,288,66,19,0,77,178,78,-254,1,-1,0,-1,-1,0x0000000000000000,1538,1582,1540,1500,2012,1500,988,988,1373,988,1444,1444,1500,1500,1500,1500,1500,1500,1500,1500,1500,1500,1500,1500,1500,1500,1500,1500,1500,1500,1500,1500,8.2
26/12/2025,12:26:46.640,-71,0,98,12,0,7,100,-66,99,13,11.6,3.4,296,65,1.1,0,0.02,-2,HOR,37.242721 -115.807420,24,288,66,19,0,76,176,52,-254,1,-1,0,-1,-1,0x0000000000000000,1525,1581,1540,1500,2012,1500,988,988,1373,988,1443,1443,1500,1500,1500,1500,1500,1500,1500,1500,1500,1500,1500,1500,1500,1500,1500,1500,1500,1500,1500,1500,8.2
26/12/2025,12:26:48.640,-74,0,98,12,0,7,100,-68,100,13,11.6,3.4,296,65,1.1,0.02,0.05,-1.5,HOR,37.242721 -115.807420,24,288,66,19,0,77,155,111,-254,1,-1,0,-1,-1,0x0000000000000000,1555,1571,1540,1500,2012,1500,988,988,1373,988,1443,1443,1500,1500,1500,1500,1500,1500,1500,1500,1500,1500,1500,1500,1500,1500,1500,1500,1500,1500,1500,1500,8.2
26/12/2025,12:26:50.640,-74,0,98,12,0,7,100,-67,100,13,11.6,3.4,296,65,0.6,0.02,0.05,-1.5,HOR,37.242721 -115.807420,24,288,66,19,0,76,106,326,-254,1,-1,0,-1,-1,0x0000000000000000,1663,1546,1540,1500,2012,1500,988,988,1373,988,1444,1444,1500,1500,1500,1500,1500,1500,1500,1500,1500,1500,1500,1500,1500,1500,1500,1500,1500,1500,1500,1500,8.2
26/12/2025,12:26:52.640,-74,0,99,11,0,7,100,-65,100,13,11.6,3.4,296,65,0.6,0.02,0.05,-1.5,HOR,37.242929 -115.806714,28.8,294.4,68,18,1,76,61,386,-254,1,-1,0,-1,-1,0x0000000000000000,1693,1523,1540,1500,2012,1500,988,988,1373,988,1444,1444,1500,1500,1500,1500,1500,1500,1500,1500,1500,1500,1500,1500,1500,1500,1500,1500,1500,1500,1500,1500,8.2
26/12/2025,12:26:54.640,-75,0,100,12,0,7,100,-63,100,12,11.6,3.4,302,64,0.6,0.06,0.49,-0.69,HOR,37.242929 -115.806714,28.8,294.4,68,18,1,77,37,352,-254,1,-1,0,-1,-1,0x0000000000000000,1676,1511,1540,1500,2012,1500,988,988,1373,988,1441,1441,1500,1500,1500,1500,1500,1500,1500,1500,1500,1500,1500,1500,1500,1500,1500,1500,1500,1500,1500,1500,8.2
26/12/2025,12:26:56.640,-71,0,95,12,0,7,100,-59,100,12,11.6,3.4,302,64,1.5,0.06,0.49,-0.69,HOR,37.242929 -115.806714,28.8,294.4,68,18,0,76,3,-440,-254,1,-1,0,-1,-1,0x0000000000000000,1287,1500,1540,1500,2012,1500,988,988,1373,988,1443,1443,1500,1500,1500,1500,1500,1500,1500,1500,1500,1500,1500,1500,1500,1500,1500,1500,1500,1500,1500,1500,8.2
26/12/2025,12:26:58.640,-70,0,99,12,0,7,100,-64,100,13,11.6,3.4,302,64,1.5,0.06,0.49,-0.69,HOR,37.243408 -115.806526,53.2,46.4,70,19,0,77,182,-400,-254,1,-1,0,-1,-1,0x0000000000000000,1308,1584,1540,1500,2012,1500,988,988,1373,988,1445,1445,1500,1500,1500,1500,1500,1500,1500,1500,1500,1500,1500,1500,1500,1500,1500,1500,1500,1500,1500,1500,8.2
26/12/2025,12:27:00.640,-77,0,97,11,0,7,100,-72,100,12,11.6,3.4,309,64,1.5,0.08,-0.32,0.02,HOR,37.243408 -115.806526,53.2,46.4,70,19,0,76,299,174,-254,1,-1,0,-1,-1,0x0000000000000000,1586,1643,1540,1500,2012,1500,988,988,1373,988,1444,1444,1500,1500,1500,1500,1500,1500,1500,1500,1500,1500,1500,1500,1500,1500,1500,1500,1500,1500,1500,1500,8.2
26/12/2025,12:27:02.640,-78,0,99,11,0,7,100,-73,100,13,11.6,3.4,309,64,0.7,0.08,-0.32,0.02,HOR,37.243408 -115.806526,53.2,46.4,70,19,0,76,202,238,-254,1,-1,0,-1,-1,0x0000000000000000,1619,1594,1540,1500,2012,1500,988,988,1373,988,1444,1444,1500,1500,1500,1500,1500,1500,1500,1500,1500,1500,1500,1500,1500,1500,1500,1500,1500,1500,1500,1500,8.2
26/12/2025,12:27:04.640,-77,0,99,11,0,7,100,-70,100,12,11.6,3.4,309,64,0.7,0.08,-0.32,0.02,HOR,37.244111 -115.806950,44.9,-299.86,68,19,0,76,201,230,-254,1,-1,0,-1,-1,0x0000000000000000,1615,1594,1540,1500,2012,1500,988,988,1373,988,1446,1446,1500,1500,1500,1500,1500,1500,1500,1500,1500,1500,1500,1500,1500,1500,1500,1500,1500,1500,1500,1500,8.2
26/12/2025,12:27:06.640,-73,0,99,12,0,7,100,-68,100,13,11.6,3.4,315,63,0.7,0.08,-0.32,0.02,HOR,37.244111 -115.806950,44.9,-299.86,68,19,0,76,155,10,-254,1,-1,0,-1,-1,0x0000000000000000,1504,1571,1540,1500,2012,1500,988,988,1373,988,1522,1522,1500,1500,1500,1500,1500,1500,1500,1500,1500,1500,1500,1500,1500,1500,1500,1500,1500,1500,1500,1500,8.2
26/12/2025,12:27:08.640,-74,0,98,12,0,7,100,-69,100,13,11.6,3.4,315,63,0.7,0,0.11,0.26,HOR,37.244111 -115.806950,44.9,-299.86,68,19,0,76,47,-398,-254,1,-1,0,-1,-1,0x0000000000000000,1309,1516,1540,1500,2012,1500,988,988,1373,988,1521,1521,1500,1500,1500,1500,1500,1500,1500,1500,1500,1500,1500,1500,1500,1500,1500,1500,1500,1500,1500,1500,8.2
26/12/2025,12:27:10.640,-88,0,82,5,0,7,100,-75,100,12,11.6,3.4,315,63,0.8,0,0.11,0.26,HOR,37.244111 -115.806950,44.9,-299.86,68,19,0,76,49,-402,-254,1,-1,0,-1,-1,0x0000000000000000,1307,1517,1540,1500,2012,1500,988,988,1373,988,1521,1521,1500,1500,1500,1500,1500,1500,1500,1500,1500,1500,1500,1500,1500,1500,1500,1500,1500,1500,1500,1500,8.2
26/12/2025,12:27:12.640,-73,0,97,11,0,7,100,-68,100,12,11.6,3.3,321,63,0.8,0,0.11,0.26,HOR,37.244840 -115.807263,47.1,19.9,71,18,0,76,98,-23,-254,1,-1,0,-1,-1,0x0000000000000000,1498,1542,1540,1500,2012,1500,988,988,1373,988,1519,1519,1500,1500,1500,1500,1500,1500,1500,1500,1500,1500,1500,1500,1500,1500,1500,1500,1500,1500,1500,1500,8.2
26/12/2025,12:27:14.640,-78,0,98,10,0,7,100,-76,100,12,11.6,3.3,321,63,0.8,0.01,-0.47,-1.54,HOR,37.244840 -115.807263,47.1,19.9,71,18,0,77,77,122,-254,1,-1,0,-1,-1,0x0000000000000000,1560,1531,1540,1500,2012,1500,988,988,1373,988,1521,1521,1500,1500,1500,1500,1500,1500,1500,1500,1500,1500,1500,1500,1500,1500,1500,1500,1500,1500,1500,1500,8.2
26/12/2025,12:27:16.640,-74,0,100,11,0,7,100,-70,100,13,11.6,3.3,321,63,1.8,0.01,-0.47,-1.54,HOR,37.244840 -115.807263,47.1,19.9,71,18,0,76,45,32,-254,1,-1,0,-1,-1,0x0000000000000000,1515,1515,1540,1500,2012,1500,988,988,1373,988,1352,1352,1500,1500,1500,1500,1500,1500,1500,1500,1500,1500,1500,1500,1500,1500,1500,1500,1500,1500,1500,1500,8.2
26/12/2025,12:27:18.640,-72,0,99,11,0,7,100,-66,100,13,11.6,3.3,321,63,1.8,0.01,-0.47,-1.54,HOR,37.245077 -115.806664,27.9,251.2,69,18,0,77,28,4,-254,1,-1,0,-1,-1,0x0000000000000000,1501,1507,1540,1500,2012,1500,988,988,1373,988,1557,1557,1500,1500,1500,1500,1500,1500,1500,1500,1500,1500,1500,1500,1500,1500,1500,1500,1500,1500,1500,1500,8.2
26/12/2025,12:27:20.640,-71,0,99,12,0,7,100,-65,100,13,11.6,3.4,328,62,1.8,-0.05,0,-2.06,HOR,37.245077 -115.806664,27.9,251.2,69,18,0,77,3,4,-254,1,-1,0,-1,-1,0x0000000000000000,1501,1500,1540,1500,2012,1500,988,988,1373,988,1569,1569,1500,1500,1500,1500,1500,1500,1500,1500,1500,1500,1500,1500,1500,1500,1500,1500,1500,1500,1500,1500,8.2
26/12/2025,12:27:22.640,-70,0,100,12,0,7,100,-61,100,13,11.6,3.4,328,62,0.8,-0.05,0,-2.06,HOR,37.245077 -115.806664,27.9,251.2,69,18,1,76,3,4,-254,1,-1,0,-1,-1,0x0000000000000000,1501,1500,1540,1500,2012,1500,988,988,1373,988,1642,1642,1500,1500,1500,1500,1500,1500,1500,1500,1500,1500,1500,1500,1500,1500,1500,1500,1500,1500,1500,1500,8.2
26/12/2025,12:27:24.640,-70,0,98,12,0,7,100,-66,99,13,11.6,3.4,328,62,0.8,-0.05,0,-2.06,HOR,37.244862 -115.806017,24.8,234,71,18,0,77,3,4,-254,1,-1,0,-1,-1,0x0000000000000000,1501,1500,1540,1500,2012,1500,988,988,1373,988,1642,1642,1500,1500,1500,1500,1500,1500,1500,1500,1500,1500,1500,1500,1500,1500,1500,1500,1500,1500,1500,1500,8.2
26/12/2025,12:27:26.640,-71,0,99,12,0,7,100,-63,100,13,11.5,3.4,334,62,0.8,-0.05,0,-2.06,HOR,37.244862 -115.806017,24.8,234,71,18,0,77,2,0,-254,1,-1,0,-1,-1,0x0000000000000000,1500,1500,1540,1500,2012,1500,988,988,1373,988,1461,1461,1500,1500,1500,1500,1500,1500,1500,1500,1500,1500,1500,1500,1500,1500,1500,1500,1500,1500,1500,1500,8.2
26/12/2025,12:27:28.640,-75,0,97,11,0,7,100,-75,100,12,11.5,3.4,334,62,0.8,-0.05,0.04,-2.18,HOR,37.244862 -115.806017,24.8,234,71,18,0,77,3,6,-254,1,-1,0,-1,-1,0x0000000000000000,1502,1500,1540,1500,2012,1500,988,988,1373,988,1400,1400,1500,1500,1500,1500,1500,1500,1500,1500,1500,1500,1500,1500,1500,1500,1500,1500,1500,1500,1500,1500,8.2
26/12/2025,12:27:30.640,-75,0,99,11,0,7,100,-70,100,13,11.5,3.4,334,62,0.7,-0.05,0.04,-2.18,HOR,37.244862 -115.806017,24.8,234,71,18,0,76,2,4,-254,1,-1,0,-1,-1,0x0000000000000000,1501,1500,1540,1500,2012,1500,988,988,1373,988,1427,1427,1500,1500,1500,1500,1500,1500,1500,1500,1500,1500,1500,1500,1500,1500,1500,1500,1500,1500,1500,1500,8.2
26/12/2025,12:27:32.640,-83,0,95,7,0,7,100,-74,100,12,11.5,3.4,340,62,0.7,-0.05,0.04,-2.18,HOR,37.244599 -115.805494,26.3,196.3,74,18,0,76,2,4,-254,1,-1,-1,-1,-1,0x0000000000000000,1501,1500,1540,1500,2012,988,988,988,1373,988,1512,1512,1500,1500,1500,1500,1500,1500,1500,1500,1500,1500,1500,1500,1500,1500,1500,1500,1500,1500,1500,1500,8.2
26/12/2025,12:27:34.640,-82,0,97,8,0,7,100,-82,100,12,11.5,3.4,340,62,0.7,-0.07,0.05,-3,ANGL,37.244599 -115.805494,26.3,196.3,74,18,1,76,3,4,-254,1,-1,-1,-1,-1,0x0000000000000000,1501,1500,1540,1500,2012,988,988,988,1373,988,1512,1512,1500,1500,1500,1500,1500,1500,1500,1500,1500,1500,1500,1500,1500,1500,1500,1500,1500,1500,1500,1500,8.2
26/12/2025,12:27:36.640,-76,0,97,11,0,7,100,-69,100,13,11.5,3.4,340,62,0.5,-0.07,0.05,-3,ANGL,37.244599 -115.805494,26.3,196.3,74,18,1,76,2,4,-254,1,-1,-1,-1,-1,0x0000000000000000,1501,1500,1540,1500,2012,988,988,988,1373,988,1440,1440,1500,1500,1500,1500,1500,1500,1500,1500,1500,1500,1500,1500,1500,1500,1500,1500,1500,1500,1500,1500,8.2
26/12/2025,12:27:38.640,-89,0,93,6,0,7,100,-85,100,10,11.5,3.4,340,62,0.5,-0.07,0.05,-3,ANGL,37.244126 -115.805564,31.5,160,77,18,0,76,3,5,-254,1,0,-1,-1,-1,0x0000000000000000,1501,1500,1540,1500,2012,988,988,1500,1373,988,1452,1452,1500,1500,1500,1500,1500,1500,1500,1500,1500,1500,1500,1500,1500,1500,1500,1500,1500,1500,1500,1500,8.2
26/12/2025,12:27:40.640,-79,0,98,7,0,7,100,-71,100,13,11.5,3.4,347,61,0.5,0.04,0.48,2.52,ANGL,37.244126 -115.805564,31.5,160,77,18,0,77,2,2,-254,1,0,-1,-1,-1,0x0000000000000000,1500,1500,1540,1500,2012,988,988,1500,1373,988,1450,1450,1500,1500,1500,1500,1500,1500,1500,1500,1500,1500,1500,1500,1500,1500,1500,1500,1500,1500,1500,1500,8.2
26/12/2025,12:27:42.640,-71,0,97,12,0,7,100,-70,100,12,11.5,3.4,347,61,-0.9,0.04,0.48,2.52,HOLD,37.244126 -115.805564,31.5,160,77,18,0,76,2,4,-254,1,1,-1,-1,-1,0x0000000000000000,1501,1500,1540,1500,2012,988,988,2012,1373,988,1449,1449,1500,1500,1500,1500,1500,1500,1500,1500,1500,1500,1500,1500,1500,1500,1500,1500,1500,1500,1500,1500,8.2
26/12/2025,12:27:44.640,-72,0,100,12,0,7,100,-69,100,13,11.5,3.4,347,61,-0.9,0.04,0.48,2.52,HOLD,37.243742 -115.805779,24.3,282.3,77,18,0,76,6,2,-254,1,1,-1,-1,-1,0x0000000000000000,1500,1500,1540,1500,2012,988,988,2012,1373,988,1450,1450,1500,1500,1500,1500,1500,1500,1500,1500,1500,1500,1500,1500,1500,1500,1500,1500,1500,1500,1500,1500,8.2
26/12/2025,12:27:46.640,-74,0,99,12,0,7,100,-65,100,13,11.5,3,352,61,-0.9,0.04,0.48,2.52,HOLD,37.243742 -115.805779,24.3,282.3,77,18,0,76,-34,-393,-254,1,1,-1,-1,-1,0x0000000000000000,1311,1486,1540,1500,2012,988,988,2012,1373,988,1440,1440,1500,1500,1500,1500,1500,1500,1500,1500,1500,1500,1500,1500,1500,1500,1500,1500,1500,1500,1500,1500,8.2
26/12/2025,12:27:48.640,-77,0,100,11,0,7,100,-69,100,13,11.5,3,352,61,-0.9,-0.09,-0.24,-0.98,RTH,37.243742 -115.805779,24.3,282.3,77,18,-1,77,-28,-476,-251,1,-1,-1,-1,-1,0x0000000000000000,1269,1489,1540,1500,2012,988,988,988,1375,988,1439,1439,1500,1500,1500,1500,1500,1500,1500,1500,1500,1500,1500,1500,1500,1500,1500,1500,1500,1500,1500,1500,8.2
26/12/2025,12:27:50.640,-72,0,100,12,0,7,100,-67,100,12,11.5,3,352,61,0.1,-0.09,-0.24,-0.98,RTH,37.243742 -115.805779,24.3,282.3,77,18,0,76,-59,-613,-254,1,-1,-1,-1,-1,0x0000000000000000,1200,1474,1540,1500,2012,988,988,988,1373,988,1440,1440,1500,1500,1500,1500,1500,1500,1500,1500,1500,1500,1500,1500,1500,1500,1500,1500,1500,1500,1500,1500,8.2
26/12/2025,12:27:52.640,-70,0,99,12,0,7,100,-64,100,13,11.5,3.4,358,61,0.1,-0.09,-0.24,-0.98,RTH,37.244212 -115.805441,30.5,312.5,75,18,0,77,2,4,-254,1,0,-1,-1,-1,0x0000000000000000,1501,1500,1540,1500,2012,988,988,1500,1373,988,1440,1440,1500,1500,1500,1500,1500,1500,1500,1500,1500,1500,1500,1500,1500,1500,1500,1500,1500,1500,1500,1500,8.2
26/12/2025,12:27:54.640,-73,0,100,12,0,7,100,-69,100,13,11.5,3.4,358,61,0.1,-0.12,-0.12,-2.64,RTH,37.244212 -115.805441,30.5,312.5,75,18,0,77,2,5,-254,1,1,-1,-1,-1,0x0000000000000000,1501,1500,1540,1500,2012,988,988,2012,1373,988,1440,1440,1500,1500,1500,1500,1500,1500,1500,1500,1500,1500,1500,1500,1500,1500,1500,1500,1500,1500,1500,1500,8.2
26/12/2025,12:27:56.640,-67,0,100,12,0,7,100,-61,100,12,11.5,3.4,358,61,0,-0.12,-0.12,-2.64,RTH,37.244212 -115.805441,30.5,312.5,75,18,0,77,2,5,-254,1,1,-1,-1,-1,0x0000000000000000,1501,1500,1540,1500,2012,988,988,2012,1373,988,1441,1441,1500,1500,1500,1500,1500,1500,1500,1500,1500,1500,1500,1500,1500,1500,1500,1500,1500,1500,1500,1500,8.2
26/12/2025,12:27:58.640,-71,0,98,12,0,7,100,-67,100,12,11.5,3.4,358,61,0,-0.12,-0.12,-2.64,RTH,37.244115 -115.804872,35.9,-315.06,75,18,0,76,3,4,-254,1,1,-1,-1,-1,0x0000000000000000,1501,1500,1540,1500,2012,988,988,2012,1373,988,1441,1441,1500,1500,1500,1500,1500,1500,1500,1500,1500,1500,1500,1500,1500,1500,1500,1500,1500,1500,1500,1500,8.2
26/12/2025,12:28:00.640,-88,0,92,6,0,7,100,-84,100,9,11.5,2.7,364,60,0,-0.08,0.66,1.28,RTH,37.244115 -115.804872,35.9,-315.06,75,18,0,76,2,5,-254,1,1,-1,-1,-1,0x0000000000000000,1501,1500,1540,1500,2012,988,988,2012,1373,988,1440,1440,1500,1500,1500,1500,1500,1500,1500,1500,1500,1500,1500,1500,1500,1500,1500,1500,1500,1500,1500,1500,8.2
26/12/2025,12:28:02.640,-89,0,95,5,0,7,100,-82,100,11,11.5,2.7,364,60,-0.2,-0.08,0.66,1.28,RTH,37.244115 -115.804872,35.9,-315.06,75,18,1,76,2,4,-254,1,1,-1,-1,-1,0x0000000000000000,1501,1500,1540,1500,2012,988,988,2012,1373,988,1440,1440,1500,1500,1500,1500,1500,1500,1500,1500,1500,1500,1500,1500,1500,1500,1500,1500,1500,1500,1500,1500,8.2
26/12/2025,12:28:04.640,-85,0,91,6,0,7,100,-76,100,13,11.5,2.7,364,60,-0.2,-0.08,0.66,1.28,RTH,37.244390 -115.805697,29,139.3,71,18,0,77,2,4,-254,1,1,-1,-1,-1,0x0000000000000000,1501,1500,1540,1500,2012,988,988,2012,1373,988,1604,1604,1500,1500,1500,1500,1500,1500,1500,1500,1500,1500,1500,1500,1500,1500,1500,1500,1500,1500,1500,1500,8.2
26/12/2025,12:28:06.640,-71,0,99,11,0,7,100,-67,100,14,11.5,3.4,370,60,-0.2,-0.08,0.66,1.28,RTH,37.244390 -115.805697,29,139.3,71,18,1,77,3,4,-254,1,1,-1,-1,-1,0x0000000000000000,1501,1500,1540,1500,2012,988,988,2012,1373,988,1573,1573,1500,1500,1500,1500,1500,1500,1500,1500,1500,1500,1500,1500,1500,1500,1500,1500,1500,1500,1500,1500,8.2
26/12/2025,12:28:08.640,-77,0,97,11,0,7,100,-69,100,13,11.5,3.4,370,60,-0.2,0.06,0.75,-2.22,RTH,37.244390 -115.805697,29,139.3,71,18,0,77,2,5,-254,1,1,-1,-1,-1,0x0000000000000000,1501,1500,1540,1500,2012,988,988,2012,1373,988,1338,1338,1500,1500,1500,1500,1500,1500,1500,1500,1500,1500,1500,1500,1500,1500,1500,1500,1500,1500,1500,1500,8.2
26/12/2025,12:28:10.640,-80,0,98,9,0,7,100,-78,100,10,11.5,3.4,370,60,2.4,0.06,0.75,-2.22,RTH,37.244390 -115.805697,29,139.3,71,18,0,77,3,4,-254,1,1,-1,-1,-1,0x0000000000000000,1501,1500,1540,1500,2012,988,988,2012,1373,988,1384,1384,1500,1500,1500,1500,1500,1500,1500,1500,1500,1500,1500,1500,1500,1500,1500,1500,1500,1500,1500,1500,8.2
26/12/2025,12:28:12.640,-72,0,100,12,0,7,100,-69,100,13,11.5,3.1,376,60,2.4,0.06,0.75,-2.22,RTH,37.244340 -115.805650,32.4,-322.56,77,18,0,76,2,4,-254,1,1,-1,-1,-1,0x0000000000000000,1501,1500,1540,1500,2012,988,988,2012,1373,988,1512,1512,1500,1500,1500,1500,1500,1500,1500,1500,1500,1500,1500,1500,1500,1500,1500,1500,1500,1500,1500,1500,8.2
26/12/2025,12:28:14.640,-76,0,97,11,0,7,100,-68,100,13,11.5,3.1,376,60,2.4,-0.04,0.31,0.05,RTH,37.244340 -115.805650,32.4,-322.56,77,18,0,76,2,4,-254,1,1,-1,-1,-1,0x0000000000000000,1501,1500,1540,1500,2012,988,988,2012,1373,988,1527,1527,1500,1500,1500,1500,1500,1500,1500,1500,1500,1500,1500,1500,1500,1500,1500,1500,1500,1500,1500,1500,8.2
26/12/2025,12:28:16.640,-69,0,99,12,0,7,100,-63,100,12,11.5,3.1,376,60,0.4,-0.04,0.31,0.05,RTH,37.244340 -115.805650,32.4,-322.56,77,18,0,2,3,5,-254,1,1,-1,-1,-1,0x0000000000000000,1501,1500,1503,1500,2012,988,988,2012,1373,988,1527,1527,1500,1500,1500,1500,1500,1500,1500,1500,1500,1500,1500,1500,1500,1500,1500,1500,1500,1500,1500,1500,8.2
26/12/2025,12:28:18.640,-67,0,100,12,0,7,100,-63,100,13,11.5,3.1,376,60,0.4,-0.04,0.31,0.05,RTH,37.244872 -115.805893,44.6,61.2,77,18,0,2,2,4,-254,1,1,-1,-1,-1,0x0000000000000000,1501,1500,1503,1500,2012,988,988,2012,1373,988,1529,1529,1500,1500,1500,1500,1500,1500,1500,1500,1500,1500,1500,1500,1500,1500,1500,1500,1500,1500,1500,1500,8.2
26/12/2025,12:28:20.640,-68,0,97,12,0,7,100,-61,100,13,11.5,2.9,382,59,0.4,-0.04,0.06,1,RTH,37.244872 -115.805893,44.6,61.2,77,18,0,2,2,4,-254,1,1,-1,-1,-1,0x0000000000000000,1501,1500,1503,1500,2012,988,988,2012,1373,988,1329,1329,1500,1500,1500,1500,1500,1500,1500,1500,1500,1500,1500,1500,1500,1500,1500,1500,1500,1500,1500,1500,8.2
26/12/2025,12:28:22.640,-70,0,99,12,0,7,100,-66,100,14,11.5,2.9,382,59,0,-0.04,0.06,1,RTH,37.244872 -115.805893,44.6,61.2,77,18,0,2,3,4,-254,1,1,-1,-1,-1,0x0000000000000000,1501,1500,1503,1500,2012,988,988,2012,1373,988,1410,1410,1500,1500,1500,1500,1500,1500,1500,1500,1500,1500,1500,1500,1500,1500,1500,1500,1500,1500,1500,1500,8.2
26/12/2025,12:28:24.640,-89,0,47,1,0,7,100,-91,100,7,11.5,2.9,382,59,0,-0.04,0.06,1,RTH,37.245249 -115.807073,46.9,58.4,76,18,0,2,3,4,-254,1,1,-1,-1,-1,0x0000000000000000,1501,1500,1503,1500,2012,988,988,2012,1373,988,1404,1404,1500,1500,1500,1500,1500,1500,1500,1500,1500,1500,1500,1500,1500,1500,1500,1500,1500,1500,1500,1500,8.2
26/12/2025,12:28:26.640,-93,0,74,0,0,7,100,-92,100,5,11.5,3.1,387,59,0,-0.04,0.06,1,RTH,37.245249 -115.807073,46.9,58.4,76,18,0,2,3,4,-254,1,1,-1,-1,-1,0x0000000000000000,1501,1500,1503,1500,2012,988,988,2012,1373,988,1405,1405,1500,1500,1500,1500,1500,1500,1500,1500,1500,1500,1500,1500,1500,1500,1500,1500,1500,1500,1500,1500,8.2
26/12/2025,12:28:28.640,-81,0,96,8,0,7,100,-73,100,13,11.5,3.1,387,59,0,-0.18,0.14,-3.02,RTH,37.245249 -115.807073,46.9,58.4,76,18,0,2,3,4,-254,1,1,-1,-1,-1,0x0000000000000000,1501,1500,1503,1500,2012,988,988,2012,1373,988,1405,1405,1500,1500,1500,1500,1500,1500,1500,1500,1500,1500,1500,1500,1500,1500,1500,1500,1500,1500,1500,1500,8.2
26/12/2025,12:28:30.640,-78,0,99,9,0,7,100,-71,100,12,11.5,3.1,387,59,0.7,-0.18,0.14,-3.02,RTH,37.245249 -115.807073,46.9,58.4,76,18,0,2,3,4,-254,1,1,-1,-1,-1,0x0000000000000000,1501,1500,1503,1500,2012,988,988,2012,1373,988,1407,1407,1500,1500,1500,1500,1500,1500,1500,1500,1500,1500,1500,1500,1500,1500,1500,1500,1500,1500,1500,1500,8.2
26/12/2025,12:28:32.640,-74,0,100,11,0,7,100,-71,100,13,11.5,3.9,394,59,0.7,-0.18,0.14,-3.02,RTH,37.245002 -115.807501,25,209.9,73,18,0,2,3,5,-254,1,1,-1,-1,-1,0x0000000000000000,1501,1500,1503,1500,2012,988,988,2012,1373,988,1404,1404,1500,1500,1500,1500,1500,1500,1500,1500,1500,1500,1500,1500,1500,1500,1500,1500,1500,1500,1500,1500,8.2
26/12/2025,12:28:34.640,-74,0,100,11,0,7,100,-68,100,11,11.5,3.9,394,59,0.7,-0.1,0.05,-2.61,RTH,37.245002 -115.807501,25,209.9,73,18,0,2,3,4,-254,1,1,-1,-1,-1,0x0000000000000000,1501,1500,1503,1500,2012,988,988,2012,1373,988,1617,1617,1500,1500,1500,1500,1500,1500,1500,1500,1500,1500,1500,1500,1500,1500,1500,1500,1500,1500,1500,1500,8.2
26/12/2025,12:28:36.640,-71,0,98,12,0,7,100,-67,100,12,11.5,3.9,394,59,0.3,-0.1,0.05,-2.61,RTH,37.245002 -115.807501,25,209.9,73,18,0,2,2,4,-254,1,1,-1,-1,-1,0x0000000000000000,1501,1500,1503,1500,2012,988,988,2012,1373,988,1532,1532,1500,1500,1500,1500,1500,1500,1500,1500,1500,1500,1500,1500,1500,1500,1500,1500,1500,1500,1500,1500,8.2
26/12/2025,12:28:38.640,-74,0,97,11,0,7,100,-67,99,8,11.5,3.9,394,59,0.3,-0.1,0.05,-2.61,RTH,37.244603 -115.807211,23.8,212,77,18,0,2,2,4,-254,1,1,-1,-1,-1,0x0000000000000000,1501,1500,1503,1500,2012,988,988,2012,1373,988,1532,1532,1500,1500,1500,1500,1500,1500,1500,1500,1500,1500,1500,1500,1500,1500,1500,1500,1500,1500,1500,1500,8.2
26/12/2025,12:28:40.640,-73,0,96,11,0,7,100,-71,100,13,11.4,3,400,58,0.3,0,0.04,-2.54,RTH,37.244603 -115.807211,23.8,212,77,18,-1,5,2,4,-251,1,1,-1,-1,-1,0x0000000000000000,1501,1500,1504,1500,2012,988,988,2012,1375,988,1508,1508,1500,1500,1500,1500,1500,1500,1500,1500,1500,1500,1500,1500,1500,1500,1500,1500,1500,1500,1500,1500,8.2
26/12/2025,12:28:42.640,-74,0,97,11,0,7,100,-67,100,13,11.4,3,400,58,0,0,0.04,-2.54,RTH,37.244603 -115.807211,23.8,212,77,18,0,2,2,5,-254,1,1,-1,-1,-1,0x0000000000000000,1501,1500,1503,1500,2012,988,988,2012,1373,988,1508,1508,1500,1500,1500,1500,1500,1500,1500,1500,1500,1500,1500,1500,1500,1500,1500,1500,1500,1500,1500,1500,8.2
26/12/2025,12:28:44.640,-74,0,97,11,0,7,100,-68,100,13,11.4,3,400,58,0,0,0.04,-2.54,RTH,37.244214 -115.806974,25.1,200.9,77,18,0,2,2,4,-254,1,1,-1,-1,-1,0x0000000000000000,1501,1500,1503,1500,2012,988,988,2012,1373,988,1507,1507,1500,1500,1500,1500,1500,1500,1500,1500,1500,1500,1500,1500,1500,1500,1500,1500,1500,1500,1500,1500,8.2
26/12/2025,12:28:46.640,-77,0,96,10,0,7,100,-72,100,13,11.4,2.9,405,58,0,0,0.04,-2.54,RTH,37.244214 -115.806974,25.1,200.9,77,18,-1,4,2,4,-251,1,1,-1,-1,-1,0x0000000000000000,1501,1500,1504,1500,2012,988,988,2012,1375,988,1508,1508,1500,1500,1500,1500,1500,1500,1500,1500,1500,1500,1500,1500,1500,1500,1500,1500,1500,1500,1500,1500,8.2
26/12/2025,12:28:48.640,-77,0,96,9,0,7,100,-73,100,13,11.4,2.9,405,58,0,0.02,-0.01,-2.55,RTH,37.244214 -115.806974,25.1,200.9,77,18,0,4,2,4,-254,1,1,-1,-1,-1,0x0000000000000000,1501,1500,1504,1500,2012,988,988,2012,1373,988,1377,1377,1500,1500,1500,1500,1500,1500,1500,1500,1500,1500,1500,1500,1500,1500,1500,1500,1500,1500,1500,1500,8.2
26/12/2025,12:28:50.640,-80,0,98,9,0,7,100,-72,100,12,11.4,2.9,405,58,0.3,0.02,-0.01,-2.55,RTH,37.244214 -115.806974,25.1,200.9,77,18,0,2,3,4,-254,1,1,-1,-1,-1,0x0000000000000000,1501,1500,1503,1500,2012,988,988,2012,1373,988,1413,1413,1500,1500,1500,1500,1500,1500,1500,1500,1500,1500,1500,1500,1500,1500,1500,1500,1500,1500,1500,1500,8.2
26/12/2025,12:28:52.640,-77,0,98,10,0,7,100,-68,100,12,11.4,2.9,411,58,0.3,0.02,-0.01,-2.55,RTH,37.243827 -115.806699,24.9,197.3,76,18,0,2,3,4,-254,1,1,-1,-1,-1,0x0000000000000000,1501,1500,1503,1500,2012,988,988,2012,1373,988,1476,1476,1500,1500,1500,1500,1500,1500,1500,1500,1500,1500,1500,1500,1500,1500,1500,1500,1500,1500,1500,1500,8.2
26/12/2025,12:28:54.640,-75,0,98,11,0,7,100,-73,100,11,11.4,2.9,411,58,0.3,0.02,0.06,-2.46,RTH,37.243827 -115.806699,24.9,197.3,76,18,0,2,3,5,-254,1,1,-1,-1,-1,0x0000000000000000,1501,1500,1503,1500,2012,988,988,2012,1373,988,1476,1476,1500,1500,1500,1500,1500,1500,1500,1500,1500,1500,1500,1500,1500,1500,1500,1500,1500,1500,1500,1500,8.2
26/12/2025,12:28:56.640,-74,0,99,11,0,7,100,-67,100,12,11.4,2.9,411,58,0.4,0.02,0.06,-2.46,RTH,37.243827 -115.806699,24.9,197.3,76,18,0,4,2,5,-254,1,1,-1,-1,-1,0x0000000000000000,1501,1500,1504,1500,2012,988,988,2012,1373,988,1476,1476,1500,1500,1500,1500,1500,1500,1500,1500,1500,1500,1500,1500,1500,1500,1500,1500,1500,1500,1500,1500,8.2
26/12/2025,12:28:58.640,-85,0,98,7,0,7,100,-72,100,12,11.4,2.9,411,58,0.4,0.02,0.06,-2.46,RTH,37.243452 -115.806479,24.1,200.7,76,18,0,2,2,5,-254,1,1,-1,-1,-1,0x0000000000000000,1501,1500,1503,1500,2012,988,988,2012,1373,988,1611,1611,1500,1500,1500,1500,1500,1500,1500,1500,1500,1500,1500,1500,1500,1500,1500,1500,1500,1500,1500,1500,8.2
26/12/2025,12:29:00.640,-81,0,96,8,0,7,100,-73,100,12,11.4,3.2,416,58,0.4,0.1,0.03,-2.75,RTH,37.243452 -115.806479,24.1,200.7,76,18,-2,5,2,4,-251,1,1,-1,-1,-1,0x0000000000000000,1501,1500,1504,1500,2012,988,988,2012,1375,988,1583,1583,1500,1500,1500,1500,1500,1500,1500,1500,1500,1500,1500,1500,1500,1500,1500,1500,1500,1500,1500,1500,8.2
26/12/2025,12:29:02.640,-81,0,95,8,0,7,100,-72,100,12,11.4,3.2,416,58,-0.6,0.1,0.03,-2.75,RTH,37.243452 -115.806479,24.1,200.7,76,18,0,2,3,252,-254,1,0,-1,-1,-1,0x0000000000000000,1626,1500,1503,1500,2012,988,988,1500,1373,988,1585,1585,1500,1500,1500,1500,1500,1500,1500,1500,1500,1500,1500,1500,1500,1500,1500,1500,1500,1500,1500,1500,8.2
26/12/2025,12:29:04.640,-81,0,98,10,0,7,100,-77,100,12,11.4,3.2,416,58,-0.6,0.1,0.03,-2.75,RTH,37.243022 -115.806418,38.6,137.4,73,17,0,2,1,1015,-251,1,-1,-1,-1,-1,0x0000000000000000,2011,1500,1503,1500,2012,988,988,988,1375,988,1672,1672,1500,1500,1500,1500,1500,1500,1500,1500,1500,1500,1500,1500,1500,1500,1500,1500,1500,1500,1500,1500,8.2
26/12/2025,12:29:06.640,-82,0,99,7,0,7,100,-76,100,13,11.4,3.2,421,57,-0.6,0.1,0.03,-2.75,RTH,37.243022 -115.806418,38.6,137.4,73,17,-1,6,10,937,-251,1,-1,-1,-1,-1,0x0000000000000000,1972,1500,1505,1500,2012,988,988,988,1375,988,1667,1667,1500,1500,1500,1500,1500,1500,1500,1500,1500,1500,1500,1500,1500,1500,1500,1500,1500,1500,1500,1500,8.2
26/12/2025,12:29:08.640,-71,0,100,12,0,7,100,-67,100,13,11.4,3.2,421,57,-0.6,0.04,0.76,-2.9,ANGL,37.243022 -115.806418,38.6,137.4,73,17,-3,-213,203,-227,-247,1,-1,-1,-1,-1,0x0000000000000000,1395,1595,1396,1500,2012,988,988,988,1377,988,1564,1564,1500,1500,1500,1500,1500,1500,1500,1500,1500,1500,1500,1500,1500,1500,1500,1500,1500,1500,1500,1500,8.2
26/12/2025,12:29:10.640,-70,0,99,12,0,7,100,-65,100,13,11.4,3.2,421,57,0.3,0.04,0.76,-2.9,ANGL,37.243022 -115.806418,38.6,137.4,73,17,-1,-216,174,-54,-251,1,-1,-1,-1,-1,0x0000000000000000,1482,1580,1394,1500,2012,988,988,988,1375,988,1484,1484,1500,1500,1500,1500,1500,1500,1500,1500,1500,1500,1500,1500,1500,1500,1500,1500,1500,1500,1500,1500,8.2
26/12/2025,12:29:12.640,-70,0,98,12,0,7,100,-66,100,14,11.4,2.6,427,57,0.3,0.04,0.76,-2.9,ANGL,37.242783 -115.806677,26.4,288.3,69,18,0,-217,161,8,-254,1,-1,-1,-1,-1,0x0000000000000000,1503,1574,1394,1500,2012,988,988,988,1373,988,1428,1428,1500,1500,1500,1500,1500,1500,1500,1500,1500,1500,1500,1500,1500,1500,1500,1500,1500,1500,1500,1500,8.2
26/12/2025,12:29:14.640,-73,0,99,12,0,7,100,-64,100,13,11.4,2.6,427,57,0.3,0.04,0,-1.75,ANGL,37.242783 -115.806677,26.4,288.3,69,18,-1,-346,12,212,-251,1,-1,-1,-1,-1,0x0000000000000000,1606,1500,1329,1500,2012,988,988,988,1375,988,1431,1431,1500,1500,1500,1500,1500,1500,1500,1500,1500,1500,1500,1500,1500,1500,1500,1500,1500,1500,1500,1500,8.2
26/12/2025,12:29:16.640,-71,0,100,12,0,7,100,-65,100,12,11.4,2.6,427,57,-0.9,0.04,0,-1.75,ANGL,37.242783 -115.806677,26.4,288.3,69,18,0,-445,10,212,-254,1,-1,-1,-1,-1,0x0000000000000000,1606,1500,1280,1500,2012,988,988,988,1373,988,1429,1429,1500,1500,1500,1500,1500,1500,1500,1500,1500,1500,1500,1500,1500,1500,1500,1500,1500,1500,1500,1500,8.2
26/12/2025,12:29:18.640,-69,0,100,12,0,7,100,-62,100,12,11.4,2.6,427,57,-0.9,0.04,0,-1.75,ANGL,37.242784 -115.806043,18.5,248.6,61,18,0,-444,5,329,-254,1,-1,-1,-1,-1,0x0000000000000000,1665,1500,1280,1500,2012,988,988,988,1373,988,1429,1429,1500,1500,1500,1500,1500,1500,1500,1500,1500,1500,1500,1500,1500,1500,1500,1500,1500,1500,1500,1500,8.2
26/12/2025,12:29:20.640,-71,0,100,12,0,7,100,-65,100,12,11.4,2.2,431,57,-0.9,0.08,0.18,-1.87,ANGL,37.242784 -115.806043,18.5,248.6,61,18,0,-445,17,197,-254,1,-1,-1,-1,-1,0x0000000000000000,1598,1501,1280,1500,2012,988,988,988,1373,988,1651,1651,1500,1500,1500,1500,1500,1500,1500,1500,1500,1500,1500,1500,1500,1500,1500,1500,1500,1500,1500,1500,8.2
26/12/2025,12:29:22.640,-71,0,98,12,0,7,100,-65,100,12,11.4,2.2,431,57,-1,0.08,0.18,-1.87,ANGL,37.242784 -115.806043,18.5,248.6,61,18,0,-444,13,118,-254,1,-1,-1,-1,-1,0x0000000000000000,1558,1500,1280,1500,2012,988,988,988,1373,988,1891,1891,1500,1500,1500,1500,1500,1500,1500,1500,1500,1500,1500,1500,1500,1500,1500,1500,1500,1500,1500,1500,8.2
26/12/2025,12:29:24.640,-67,0,100,12,0,7,100,-59,100,13,11.4,2.2,431,57,-1,0.08,0.18,-1.87,ANGL,37.242747 -115.805435,23.2,295.5,52,18,0,-445,15,-142,-254,1,-1,-1,-1,-1,0x0000000000000000,1438,1500,1280,1500,2012,988,988,988,1373,988,1859,1859,1500,1500,1500,1500,1500,1500,1500,1500,1500,1500,1500,1500,1500,1500,1500,1500,1500,1500,1500,1500,8.2
26/12/2025,12:29:26.640,-66,0,99,13,0,7,100,-61,100,12,11.4,2.2,435,57,-1,0.08,0.18,-1.87,ANGL,37.242747 -115.805435,23.2,295.5,52,18,-1,-444,3,4,-251,1,-1,-1,-1,-1,0x0000000000000000,1501,1500,1280,1500,2012,988,988,988,1375,988,1659,1659,1500,1500,1500,1500,1500,1500,1500,1500,1500,1500,1500,1500,1500,1500,1500,1500,1500,1500,1500,1500,8.2
26/12/2025,12:29:28.640,-65,0,96,13,0,7,100,-57,100,12,11.4,2.2,435,57,-1,0.11,-0.21,-1.15,ANGL,37.242747 -115.805435,23.2,295.5,52,18,-1,-444,3,4,-254,1,-1,-1,-1,-1,0x0000000000000000,1501,1500,1280,1500,2012,988,988,988,1373,988,1557,1557,1500,1500,1500,1500,1500,1500,1500,1500,1500,1500,1500,1500,1500,1500,1500,1500,1500,1500,1500,1500,8.2
26/12/2025,12:29:30.640,-66,0,100,12,0,7,100,-58,100,13,11.4,2.2,435,57,-0.4,0.11,-0.21,-1.15,ANGL,37.242747 -115.805435,23.2,295.5,52,18,0,-444,3,4,-254,1,-1,-1,-1,-1,0x0000000000000000,1501,1500,1280,1500,2012,988,988,988,1373,988,1595,1595,1500,1500,1500,1500,1500,1500,1500,1500,1500,1500,1500,1500,1500,1500,1500,1500,1500,1500,1500,1500,8.2
26/12/2025,12:29:32.640,-69,0,99,12,0,7,100,-62,100,12,11.4,2.2,440,57,-0.4,0.11,-0.21,-1.15,ANGL,37.242935 -115.804755,22.9,271.7,42,17,-1,-442,3,4,-251,1,-1,-1,-1,-1,0x0000000000000000,1501,1500,1281,1500,2012,988,988,988,1375,988,1500,1500,1500,1500,1500,1500,1500,1500,1500,1500,1500,1500,1500,1500,1500,1500,1500,1500,1500,1500,1500,1500,8.2
26/12/2025,12:29:34.640,-65,0,99,12,0,7,100,-58,100,12,11.4,2.2,440,57,-0.4,0.11,0.01,-1.71,ANGL,37.242935 -115.804755,22.9,271.7,42,17,0,-444,2,4,-251,1,-1,-1,-1,-1,0x0000000000000000,1501,1500,1280,1500,2012,988,988,988,1375,988,1500,1500,1500,1500,1500,1500,1500,1500,1500,1500,1500,1500,1500,1500,1500,1500,1500,1500,1500,1500,1500,1500,8.2
26/12/2025,12:29:36.640,-62,0,100,12,0,7,100,-55,100,13,11.4,2.2,440,57,-0.6,0.11,0.01,-1.71,ANGL,37.242935 -115.804755,22.9,271.7,42,17,0,-444,2,4,-254,1,-1,-1,-1,-1,0x0000000000000000,1501,1500,1280,1500,2012,988,988,988,1373,988,1500,1500,1500,1500,1500,1500,1500,1500,1500,1500,1500,1500,1500,1500,1500,1500,1500,1500,1500,1500,1500,1500,8.2
26/12/2025,12:29:38.640,-72,0,99,12,0,7,100,-64,100,13,11.4,2.2,440,57,-0.6,0.11,0.01,-1.71,ANGL,37.242901 -115.804124,20.4,250.6,34,17,-1,-444,2,4,-251,1,-1,-1,-1,-1,0x0000000000000000,1501,1500,1280,1500,2012,988,988,988,1375,988,1500,1500,1500,1500,1500,1500,1500,1500,1500,1500,1500,1500,1500,1500,1500,1500,1500,1500,1500,1500,1500,1500,8.2
26/12/2025,12:29:40.640,-77,0,100,10,0,7,100,-77,100,7,11.4,2.1,444,57,-0.6,0.08,0,-2.48,ANGL,37.242901 -115.804124,20.4,250.6,34,17,-1,-441,2,4,-251,1,-1,-1,-1,-1,0x0000000000000000,1501,1500,1282,1500,2012,988,988,988,1375,988,1500,1500,1500,1500,1500,1500,1500,1500,1500,1500,1500,1500,1500,1500,1500,1500,1500,1500,1500,1500,1500,1500,8.2
26/12/2025,12:29:42.640,-70,0,99,12,0,7,100,-67,100,14,11.4,2.1,444,57,-1.3,0.08,0,-2.48,ANGL,37.242901 -115.804124,20.4,250.6,34,17,0,-445,-222,674,-254,1,-1,-1,-1,-1,0x0000000000000000,1839,1391,1280,1500,2012,988,988,988,1373,988,1500,1500,1500,1500,1500,1500,1500,1500,1500,1500,1500,1500,1500,1500,1500,1500,1500,1500,1500,1500,1500,1500,8.2
26/12/2025,12:29:44.640,-75,0,95,11,0,7,100,-70,100,12,11.4,2.1,444,57,-1.3,0.08,0,-2.48,ANGL,37.242587 -115.803795,24.4,190.8,24,18,0,-193,-597,235,-254,1,-1,-1,-1,-1,0x0000000000000000,1617,1202,1406,1500,2012,988,988,988,1373,988,1500,1500,1500,1500,1500,1500,1500,1500,1500,1500,1500,1500,1500,1500,1500,1500,1500,1500,1500,1500,1500,1500,8.2
26/12/2025,12:29:46.640,-65,0,97,12,0,7,100,-58,99,12,11.4,2.2,448,57,-1.3,0.08,0,-2.48,ANGL,37.242587 -115.803795,24.4,190.8,24,18,-2,73,-142,2,-254,1,-1,-1,-1,-1,0x0000000000000000,1500,1432,1538,1500,2012,988,988,988,1373,988,1500,1500,1500,1500,1500,1500,1500,1500,1500,1500,1500,1500,1500,1500,1500,1500,1500,1500,1500,1500,1500,1500,8.2
26/12/2025,12:29:48.640,-66,0,98,12,0,7,100,-59,100,13,11.4,2.2,448,57,-1.3,-0.01,0.04,-2.16,ANGL,37.242587 -115.803795,24.4,190.8,24,18,0,92,2,4,-251,1,-1,-1,-1,-1,0x0000000000000000,1501,1500,1548,1500,2012,988,988,988,1375,988,1500,1500,1500,1500,1500,1500,1500,1500,1500,1500,1500,1500,1500,1500,1500,1500,1500,1500,1500,1500,1500,1500,8.2
26/12/2025,12:29:50.640,-62,0,99,12,0,7,100,-52,100,13,11.4,2.2,448,57,0.9,-0.01,0.04,-2.16,ANGL,37.242587 -115.803795,24.4,190.8,24,18,0,92,1,1,-254,1,-1,-1,-1,-1,0x0000000000000000,1500,1500,1548,1500,2012,988,988,988,1373,988,1500,1500,1500,1500,1500,1500,1500,1500,1500,1500,1500,1500,1500,1500,1500,1500,1500,1500,1500,1500,1500,1500,8.2
26/12/2025,12:29:52.640,-67,0,98,12,0,7,100,-64,100,12,11.4,3.5,454,57,0.9,-0.01,0.04,-2.16,ANGL,37.242301 -115.803243,26.3,242.1,20,18,0,-161,26,5,-251,1,-1,-1,-1,-1,0x0000000000000000,1501,1506,1422,1500,2012,988,988,988,1375,988,1500,1500,1500,1500,1500,1500,1500,1500,1500,1500,1500,1500,1500,1500,1500,1500,1500,1500,1500,1500,1500,1500,8.2
26/12/2025,12:29:54.640,-70,0,99,12,0,7,100,-61,100,12,11.4,3.5,454,57,0.9,-0.11,0.03,-2.06,ANGL,37.242301 -115.803243,26.3,242.1,20,18,-1,-346,3,2,-251,1,-1,-1,-1,-1,0x0000000000000000,1500,1500,1329,1500,2012,988,988,988,1375,988,1500,1500,1500,1500,1500,1500,1500,1500,1500,1500,1500,1500,1500,1500,1500,1500,1500,1500,1500,1500,1500,1500,8.2
26/12/2025,12:29:56.640,-79,0,96,10,0,7,100,-74,100,12,11.4,3.5,454,57,-0.7,-0.11,0.03,-2.06,ANGL,37.242301 -115.803243,26.3,242.1,20,18,0,-393,-2,86,-254,1,-1,-1,-1,-1,0x0000000000000000,1542,1500,1306,1500,2012,988,988,988,1373,988,1500,1500,1500,1500,1500,1500,1500,1500,1500,1500,1500,1500,1500,1500,1500,1500,1500,1500,1500,1500,1500,1500,8.2
26/12/2025,12:29:58.640,-70,0,99,12,0,7,100,-66,100,14,11.4,3.5,454,57,-0.7,-0.11,0.03,-2.06,ANGL,37.242087 -115.802575,24.2,229.6,22,19,0,-393,15,762,-254,1,-1,-1,-1,-1,0x0000000000000000,1883,1500,1306,1500,2012,988,988,988,1373,988,1500,1500,1500,1500,1500,1500,1500,1500,1500,1500,1500,1500,1500,1500,1500,1500,1500,1500,1500,1500,1500,1500,8.2
26/12/2025,12:30:00.640,-63,0,100,12,0,7,100,-55,100,12,11.4,2.2,459,57,-0.7,0.1,0.31,-2.22,ANGL,37.242087 -115.802575,24.2,229.6,22,19,-1,-391,3,4,-251,1,-1,-1,-1,-1,0x0000000000000000,1501,1500,1307,1500,2012,988,988,988,1375,988,1500,1500,1500,1500,1500,1500,1500,1500,1500,1500,1500,1500,1500,1500,1500,1500,1500,1500,1500,1500,1500,1500,8.2
26/12/2025,12:30:02.640,-60,0,100,12,0,7,100,-52,100,13,11.4,2.2,459,57,-1,0.1,0.31,-2.22,ANGL,37.242087 -115.802575,24.2,229.6,22,19,0,-394,3,4,-254,1,-1,-1,-1,-1,0x0000000000000000,1501,1500,1305,1500,2012,988,988,988,1373,988,1500,1500,1500,1500,1500,1500,1500,1500,1500,1500,1500,1500,1500,1500,1500,1500,1500,1500,1500,1500,1500,1500,8.2
26/12/2025,12:30:04.640,-66,0,100,12,0,7,100,-68,100,12,11.4,2.2,459,57,-1,0.1,0.31,-2.22,ANGL,37.241864 -115.801986,27.9,258.6,13,18,0,-394,-1,608,-254,1,-1,-1,-1,-1,0x0000000000000000,1805,1500,1305,1500,2012,988,988,988,1373,988,1500,1500,1500,1500,1500,1500,1500,1500,1500,1500,1500,1500,1500,1500,1500,1500,1500,1500,1500,1500,1500,1500,8.2
26/12/2025,12:30:06.640,-57,0,100,12,0,7,100,-51,100,12,11.4,2.3,463,56,-1,0.1,0.31,-2.22,ANGL,37.241864 -115.801986,27.9,258.6,13,18,0,-393,2,4,-254,1,-1,-1,-1,-1,0x0000000000000000,1501,1500,1306,1500,2012,988,988,988,1373,988,1500,1500,1500,1500,1500,1500,1500,1500,1500,1500,1500,1500,1500,1500,1500,1500,1500,1500,1500,1500,1500,1500,8.2
26/12/2025,12:30:08.640,-66,0,99,12,0,7,100,-54,100,12,11.4,2.3,463,56,-1,0.08,0.16,-1.58,ANGL,37.241864 -115.801986,27.9,258.6,13,18,1,-352,-3,8,-254,1,-1,-1,-1,-1,0x0000000000000000,1503,1500,1326,1500,2012,988,988,988,1373,988,1500,1500,1500,1500,1500,1500,1500,1500,1500,1500,1500,1500,1500,1500,1500,1500,1500,1500,1500,1500,1500,1500,8.2
26/12/2025,12:30:10.640,-56,0,99,12,0,7,100,-46,100,12,11.4,2.3,463,56,-0.8,0.08,0.16,-1.58,ANGL,37.241864 -115.801986,27.9,258.6,13,18,2,-310,-52,5,-254,1,-1,-1,-1,-1,0x0000000000000000,1501,1477,1347,1500,2012,988,988,988,1373,988,1500,1500,1500,1500,1500,1500,1500,1500,1500,1500,1500,1500,1500,1500,1500,1500,1500,1500,1500,1500,1500,1500,8.2
26/12/2025,12:30:12.640,-46,0,100,12,0,7,100,-37,100,13,11.4,2.4,467,56,-0.8,0.08,0.16,-1.58,ANGL,37.241820 -115.801201,29.6,284.7,4,18,-1,-990,-83,4,-251,1,-1,-1,-1,-1,0x0000000000000000,1501,1462,1007,1500,2012,988,988,988,1375,988,1500,1500,1500,1500,1500,1500,1500,1500,1500,1500,1500,1500,1500,1500,1500,1500,1500,1500,1500,1500,1500,1500,8.2
26/12/2025,12:30:14.640,-54,0,100,13,0,7,100,-50,100,12,11.4,2.4,467,56,-0.8,-0.14,-0.02,-1.38,ANGL,37.241820 -115.801201,29.6,284.7,4,18,-1,-1003,-1024,-3,-251,1,-1,-1,-1,-1,0x0000000000000000,1500,988,1001,1500,2012,988,988,988,1375,988,1500,1500,1500,1500,1500,1500,1500,1500,1500,1500,1500,1500,1500,1500,1500,1500,1500,1500,1500,1500,1500,1500,8.2
26/12/2025,12:30:16.640,-42,0,100,13,0,7,100,-34,100,13,11.4,2.4,467,56,-2.3,-0.14,-0.02,-1.38,ANGL,37.241820 -115.801201,29.6,284.7,4,18,0,-1005,3,2,-254,1,-1,-1,-1,-1,0x0000000000000000,1500,1500,1000,1500,2012,988,988,988,1373,988,1500,1500,1500,1500,1500,1500,1500,1500,1500,1500,1500,1500,1500,1500,1500,1500,1500,1500,1500,1500,1500,1500,8.2
26/12/2025,12:30:18.640,-40,0,100,13,0,7,100,-32,100,12,11.4,2.4,467,56,-2.3,-0.14,-0.02,-1.38,ANGL,37.241978 -115.800466,0.3,304.5,-2,19,0,-1005,3,2,-254,1,-1,-1,-1,-1,0x0000000000000000,1500,1500,1000,1500,2012,988,988,988,1373,988,1500,1500,1500,1500,1500,1500,1500,1500,1500,1500,1500,1500,1500,1500,1500,1500,1500,1500,1500,1500,1500,1500,8.2
26/12/2025,12:30:20.640,-34,0,100,13,0,7,100,-28,100,13,11.4,1.9,471,56,-2.3,0.09,0.03,-1.88,ANGL,37.241978 -115.800466,0.3,304.5,-2,19,0,-1006,3,4,-251,1,-1,-1,-1,-1,0x0000000000000000,1501,1500,999,1500,2012,988,988,988,1375,988,1500,1500,1500,1500,1500,1500,1500,1500,1500,1500,1500,1500,1500,1500,1500,1500,1500,1500,1500,1500,1500,1500,8.2
